time,place,magnitude,depth_km,longitude,latitude
"2025-12-14 23:07:33","11 km ENE of Ocotillo Wells, CA",1.46,8.15,-116.028,33.1945
"2025-12-14 23:00:30","8 km NW of The Geysers, CA",0.94,0.19,-122.822,38.8247
"2025-12-14 22:39:03","17 km NE of Pine Valley, CA",0.79,4.93,-116.416,32.9382
"2025-12-14 22:35:31","9 km SSW of Ojai, CA",1.31,9.55,-119.265,34.3693
"2025-12-14 22:19:36","45 km NW of Ninilchik, Alaska",2.9,100.4,-152.286,60.319
"2025-12-14 22:15:53","10 km WNW of The Geysers, CA",1.06,2.09,-122.854,38.8233
"2025-12-14 22:15:44","2 km NW of The Geysers, CA",1.07,1.04,-122.772,38.7882
"2025-12-14 22:15:05","8 km NW of The Geysers, CA",0.26,2.08,-122.816,38.8292
"2025-12-14 22:07:00","6 km NNW of The Geysers, CA",1.06,2.74,-122.794,38.8212
"2025-12-14 21:56:54","41 km WNW of Nanwalek, Alaska",1.9,71,-152.616,59.458
"2025-12-14 21:55:58","2 km NNE of The Geysers, CA",1.31,0.6,-122.748,38.7965
"2025-12-14 21:49:34","41 km SE of Denali National Park, Alaska",1.7,0.5,-151.197,63.258
"2025-12-14 21:47:14","56 km S of Whites City, New Mexico",1.6,6.6254,-104.4,31.668
"2025-12-14 21:44:06","3 km SSE of Redlands, CA",1.5,10.52,-117.171,34.0298
"2025-12-14 21:37:18","104 km SSE of McCarthy, Alaska",1.7,25.3,-142.033,60.601
"2025-12-14 21:24:19","Drake Passage",4.8,10,-60.205,-59.2308
"2025-12-14 21:21:56","4 km ESE of San Ramon, CA",1.44,7.64,-121.938,37.7622
"2025-12-14 21:14:04","5 km WNW of Cobb, CA",0.65,2.13,-122.781,38.8388
"2025-12-14 21:06:42","60 km S of Whites City, New Mexico",1.6,3.8041,-104.449,31.636
"2025-12-14 21:04:56","6 km NW of The Geysers, CA",1.3,2.49,-122.802,38.8217
"2025-12-14 20:50:25","14 km ESE of Boonville, CA",2.3,3.04,-123.23,38.9475
"2025-12-14 20:48:37","28 km SW of Jal, New Mexico",1.8,8.4744,-103.399,31.931
"2025-12-14 20:46:13","11 km NNW of Piru, CA",1.18,13.4,-118.841,34.5027
"2025-12-14 20:42:27","80 km WNW of Aleneva, Alaska",2.4,86.3,-154.065,58.446
"2025-12-14 20:32:01","22 km N of San Antonio, Puerto Rico",3,57.32,-67.0888,18.6932
"2025-12-14 20:27:23","26 km SSW of Ocotillo Wells, CA",0.53,11.26,-116.247,32.929
"2025-12-14 20:15:17","21 km WNW of Alder Springs, CA",2.59,-0.05,-122.931,39.7483
"2025-12-14 20:13:17","27 km SW of Jal, New Mexico",2.7,2.0394,-103.388,31.931
"2025-12-14 20:11:55","6 km WNW of Cobb, CA",0.71,1.32,-122.784,38.8388
"2025-12-14 20:10:37","20 km N of Mentone, Texas",1.5,0,-103.609,31.89
"2025-12-14 20:05:33","63 km SSE of Denali National Park, Alaska",1.9,5,-151.462,62.98
"2025-12-14 20:04:46","14 km W of Johannesburg, CA",1.23,6.04,-117.787,35.3605
"2025-12-14 20:03:44","2 km N of Placentia, CA",1.11,9.83,-117.869,33.8947
"2025-12-14 19:56:54","29 km NW of Hakui, Japan",5.1,29.14,136.587,37.0918
"2025-12-14 19:55:07","10 km NNW of Mojave, CA",0.69,7.87,-118.21,35.1377
"2025-12-14 19:54:45","14 km NW of Fillmore, CA",0.71,7.46,-119.025,34.4907
"2025-12-14 19:51:03","5 km NNW of The Geysers, CA",0.72,1.08,-122.785,38.8187
"2025-12-14 19:50:31","2 km WNW of The Geysers, CA",0.51,2.18,-122.776,38.7863
"2025-12-14 19:42:21","8 km NW of The Geysers, CA",0.41,2.31,-122.816,38.8287
"2025-12-14 19:38:50","99 km SE of McCarthy, Alaska",1.8,12.5,-141.73,60.747
"2025-12-14 19:31:54","60 km S of Whites City, New Mexico",1.6,4.1301,-104.442,31.635
"2025-12-14 19:27:27","8 km NW of The Geysers, CA",0.65,2.89,-122.814,38.828
"2025-12-14 19:27:15","8 km NW of The Geysers, CA",1.11,2.12,-122.815,38.8283
"2025-12-14 19:24:16","8 km NW of The Geysers, CA",0.99,2.04,-122.814,38.8313
"2025-12-14 19:24:00","8 km NW of The Geysers, CA",0.79,1.81,-122.814,38.8308
"2025-12-14 19:23:14","15 km NW of Fillmore, CA",1.19,6.14,-119.023,34.5018
"2025-12-14 19:19:44","66 km ENE of Mutsu, Japan",4.3,78.659,141.974,41.4641
"2025-12-14 19:11:44","8 km NW of The Geysers, CA",1.07,1.74,-122.815,38.8302
"2025-12-14 19:09:55","4 km WNW of Borrego Springs, CA",0.57,4.57,-116.418,33.2658
"2025-12-14 19:08:33","8 km NW of The Geysers, CA",2.14,2.25,-122.814,38.8287
"2025-12-14 19:02:29","7 km S of Bluffdale, Utah",2,11.282,-111.942,40.4238
"2025-12-14 18:47:53","14 km SSW of Pa‘auilo, Hawaii",1.98,42.29,-155.399,19.9157
"2025-12-14 18:46:02","5 km NW of The Geysers, CA",0.77,1.96,-122.802,38.8058
"2025-12-14 18:34:33","15 km NW of Fillmore, CA",1.09,6.02,-119.025,34.5002
"2025-12-14 18:33:01","27 km SSW of Ocotillo Wells, CA",1.06,11.29,-116.249,32.925
"2025-12-14 18:31:34","27 km SSW of Ocotillo Wells, CA",1.19,10.53,-116.251,32.925
"2025-12-14 18:16:59","47 km E of Denali National Park, Alaska",1.5,2.1,-150.767,63.55
"2025-12-14 18:11:07","26 km SSW of Ocotillo Wells, CA",1.23,11,-116.247,32.926
"2025-12-14 18:01:55","8 km NE of Indio, CA",0.49,6.41,-116.144,33.7655
"2025-12-14 17:57:41","32 km E of Chase, Alaska",2.1,12.9,-149.469,62.41
"2025-12-14 17:54:11","32 km E of Chase, Alaska",1.7,14.2,-149.472,62.417
"2025-12-14 17:51:50","4 km WNW of Costa Mesa, CA",1.25,10.25,-117.949,33.6755
"2025-12-14 17:35:14","29 km WNW of Clam Gulch, Alaska",2.9,81.3,-151.848,60.374
"2025-12-14 17:33:28","158 km ENE of Bitung, Indonesia",5,60.724,126.439,1.9973
"2025-12-14 17:25:43","142 km N of Metinaro, Timor Leste",4.7,502.401,125.713,-7.2421
"2025-12-14 17:14:34","88 km NNW of Yakutat, Alaska",2.3,5,-140.152,60.316
"2025-12-14 17:09:52","49 km NNE of Chickaloon, Alaska",1.7,33.1,-148.231,62.226
"2025-12-14 16:48:53","74 km WSW of Cantwell, Alaska",2.4,111.8,-150.386,63.207
"2025-12-14 16:22:31","2 km WNW of Costa Mesa, CA",1.14,8.76,-117.934,33.6765
"2025-12-14 16:20:24","132 km S of Severo-Kuril’sk, Russia",4.9,73.3,155.864,49.4922
"2025-12-14 16:01:00","15 km NW of Fillmore, CA",1.06,3.03,-119.03,34.4985
"2025-12-14 16:00:47","15 km NW of Fillmore, CA",0.97,3.25,-119.03,34.4982
"2025-12-14 15:47:58","4 km W of Brawley, CA",0.99,6.7,-115.573,32.9838
"2025-12-14 15:42:27","20 km ENE of Falls City, Texas",2.8,6.9835,-97.829,29.074
"2025-12-14 15:37:21","4 km NW of Coamo, Puerto Rico",2.9,6.61,-66.3795,18.1097
"2025-12-14 15:32:28","50 km WNW of Anchor Point, Alaska",1.9,98.8,-152.689,59.924
"2025-12-14 15:14:43","southeast of Easter Island",5.2,10,-102.319,-35.7823
"2025-12-14 14:57:56","27 km NNW of Susitna, Alaska",2.1,53.3,-150.73,61.766
"2025-12-14 14:33:02","111 km N of Yakutat, Alaska",2.6,5,-139.942,60.5442
"2025-12-14 14:28:53","5 km NNE of Beluga, Alaska",3,52.7,-151.058,61.188
"2025-12-14 14:26:45","9 km W of The Geysers, CA",0.77,4.21,-122.859,38.7678
"2025-12-14 14:22:52","22 km SW of New Idria, CA",1.4,6.72,-120.841,36.2702
"2025-12-14 14:18:14","3 km SSW of Anderson Springs, CA",1.06,1.71,-122.705,38.7477
"2025-12-14 14:12:14","18 km NNW of Borrego Springs, CA",0.7,14.37,-116.443,33.4075
"2025-12-14 13:59:34","9 km SSW of Idyllwild, CA",0.41,15.3,-116.737,33.6637
"2025-12-14 13:59:24","15 km NW of Fillmore, CA",1.44,2.2,-119.019,34.5005
"2025-12-14 13:56:05","6 km WNW of Cobb, CA",0.75,1.73,-122.79,38.8357
"2025-12-14 13:28:12","146 km E of Miyako, Japan",4.9,10,143.632,39.8662
"2025-12-14 13:24:07","93 km NW of Yakutat, Alaska",2,5,-140.774,60.2
"2025-12-14 13:22:01","5 km NNW of The Geysers, CA",1.08,1.9,-122.789,38.8185
"2025-12-14 13:16:08","52 km SSW of Whites City, New Mexico",2.5,4.2542,-104.525,31.715
"2025-12-14 13:00:34","14 km SSE of Susitna North, Alaska",2.4,43.5,-149.778,62.04
"2025-12-14 12:58:26","9 km WNW of Cobb, CA",0.72,1.66,-122.824,38.84
"2025-12-14 12:44:57","8 km SSE of Kachemak City, Alaska",1.9,17.3,-151.396,59.597
"2025-12-14 12:37:48","2 km NNE of The Geysers, CA",0.74,0.64,-122.751,38.7942
"2025-12-14 12:30:18","184 km ENE of Tual, Indonesia",4.5,10,134.199,-4.803
"2025-12-14 12:20:38","Bonin Islands, Japan region",4.7,10,140.934,27.9454
"2025-12-14 12:15:12","72 km ESE of Denali Park, Alaska",1.7,5,-147.506,63.555
"2025-12-14 12:08:30","19 km SE of Naalehu, Hawaii",1.73,28.2,-155.466,18.9298
"2025-12-14 12:01:26","6 km WNW of Cobb, CA",0.41,1.74,-122.785,38.8387
"2025-12-14 12:00:44","7 km NW of The Geysers, CA",1,2.8,-122.813,38.8212
"2025-12-14 11:55:34","8 km NW of The Geysers, CA",0.72,1.9,-122.818,38.8298
"2025-12-14 11:43:35","12 km E of Coso Junction, CA",0.87,1.86,-117.817,36.0317
"2025-12-14 11:42:53","12 km E of Coso Junction, CA",1.02,2,-117.816,36.0343
"2025-12-14 11:41:58","3 km NNW of Costa Mesa, CA",1.15,6.4,-117.927,33.6898
"2025-12-14 11:41:11","10 km SSE of Wickett, Texas",1.5,14.8547,-102.946,31.488
"2025-12-14 11:21:48","17 km ESE of Julian, CA",1.27864,11.75,-116.437,33.0195
"2025-12-14 11:21:47","West Chile Rise",4.6,10,-82.4408,-43.0889
"2025-12-14 11:20:52","2 km NW of Costa Mesa, CA",1.42298,7.48,-117.928,33.6785
"2025-12-14 11:17:36","6 km NW of The Geysers, CA",0.73,3.31,-122.804,38.8202
"2025-12-14 11:14:24","20 km NW of Westbrook, Texas",1.9,2.3756,-101.182,32.475
"2025-12-14 11:10:56","11 km SSW of Tres Pinos, CA",1.48,-0.29,-121.383,36.7
"2025-12-14 11:07:18","132 km NNE of Vieques, Puerto Rico",3.66,68,-65.3655,19.5368
"2025-12-14 11:06:57","20 km NE of Alum Rock, CA",1.48,8.58,-121.674,37.5017
"2025-12-14 11:06:00","4 km W of Borrego Springs, CA",1.02171,1.48,-116.418,33.2532
"2025-12-14 10:58:13","12 km E of Pāhala, Hawaii",2.2,28.98,-155.356,19.2133
"2025-12-14 10:56:08","38 km NE of Fox River, Alaska",1.7,44.6,-150.51,60.117
"2025-12-14 10:55:39","14 km NW of Fillmore, CA",1.42371,4.71,-119.03,34.4872
"2025-12-14 10:48:33","8 km S of Idyllwild, CA",1.08758,14.16,-116.725,33.6718
"2025-12-14 10:37:09","9 km WSW of Corona, CA",1.07125,10.55,-117.651,33.8372
"2025-12-14 10:34:57","4 km NNW of The Geysers, CA",1.06,1.94,-122.777,38.8048
"2025-12-14 10:31:05","6 km WNW of Cobb, CA",1.02,1.8,-122.787,38.8363
"2025-12-14 10:19:28","4 km SE of San Ramon, CA",1.68,7.11,-121.945,37.751
"2025-12-14 10:12:56","9 km NW of The Geysers, CA",0.77,1.86,-122.842,38.8247
"2025-12-14 10:09:41","16 km NE of Pine Valley, CA",1.83798,5.1,-116.422,32.9372
"2025-12-14 10:07:29","64 km NW of Ninilchik, Alaska",2.1,120.3,-152.562,60.416
"2025-12-14 10:03:57","14 km NW of Fillmore, CA",1.57219,6.99,-119.031,34.4852
"2025-12-14 09:43:55","13 km NE of Borrego Springs, CA",1.13368,10.81,-116.296,33.3497
"2025-12-14 09:32:33","9 km WNW of The Geysers, CA",0.8,2.3,-122.842,38.82
"2025-12-14 09:27:38","13 km ENE of Cloverdale, CA",0.96,2.14,-122.879,38.8417
"2025-12-14 09:23:19","13 km NW of The Geysers, CA",1.67,2.74,-122.877,38.8422
"2025-12-14 09:14:08","14 km NW of Fillmore, CA",1.40755,7.47,-119.03,34.4868
"2025-12-14 09:09:56","42 km NW of Toyah, Texas",1.9,4.286,-104.157,31.54
"2025-12-14 09:01:09","95 km N of Yakutat, Alaska",3.8,5,-139.427,60.3925
"2025-12-14 08:58:47","42 km NW of Toyah, Texas",1.9,4.6298,-104.158,31.535
"2025-12-14 08:51:54","6 km WNW of Cobb, CA",1.04,1.95,-122.785,38.8373
"2025-12-14 08:45:36","6 km WNW of Cobb, CA",0.42,1.9,-122.786,38.8368
"2025-12-14 08:43:13","9 km NW of The Geysers, CA",0.76,2.07,-122.842,38.8223
"2025-12-14 08:42:26","6 km WNW of Cobb, CA",0.48,2.05,-122.786,38.8362
"2025-12-14 08:36:34","6 km WNW of Cobb, CA",0.5,1.87,-122.789,38.8355
"2025-12-14 08:30:35","87 km NNW of Yakutat, Alaska",1.9,6.8,-140.432,60.247
"2025-12-14 08:28:24","6 km WNW of Cobb, CA",2.34,2.04,-122.787,38.8343
"2025-12-14 08:27:34","5 km SE of San Ramon, CA",2.34,7.53,-121.939,37.7525
"2025-12-14 08:21:55","39 km WNW of Anchor Point, Alaska",2.2,80.8,-152.498,59.895
"2025-12-14 08:08:39","48 km SSE of Whites City, New Mexico",1.9,5.803,-104.218,31.759
"2025-12-14 08:07:43","9 km SW of Idyllwild, CA",1.24463,16.79,-116.792,33.691
"2025-12-14 07:51:55","10 km SSW of Ojai, CA",1.72198,9.6,-119.279,34.3602
"2025-12-14 07:51:36","15 km NW of Fillmore, CA",1.58597,4.29,-119.02,34.5018
"2025-12-14 07:41:25","14 km NW of Fillmore, CA",1.60112,7.8,-119.031,34.4885
"2025-12-14 07:26:58","10 km ESE of Cloverdale, CA",1.84,5.18,-122.906,38.7878
"2025-12-14 07:23:10","14 km NW of Fillmore, CA",2.19712,6.8,-119.02,34.4937
"2025-12-14 07:22:21","6 km WNW of The Geysers, CA",0.78,3.36,-122.813,38.8
"2025-12-14 07:16:47","89 km N of Yakutat, Alaska",3.5,5,-139.432,60.339
"2025-12-14 07:07:09","8 km NW of The Geysers, CA",1.08,1.88,-122.82,38.8307
"2025-12-14 07:06:26","111 km N of Yakutat, Alaska",3.7,5,-139.978,60.5399
"2025-12-14 06:58:43","19 km NE of Moose Pass, Alaska",1.9,5,-149.086,60.59
"2025-12-14 06:56:15","7 km NW of The Geysers, CA",0.79,1.79,-122.813,38.8238
"2025-12-14 06:45:49","14 km NW of Fillmore, CA",2.40734,6.89,-119.015,34.4917
"2025-12-14 06:44:49","22 km SSW of Gorman, CA",1.3438,18.44,-118.965,34.6253
"2025-12-14 06:37:12","14 km NW of Fillmore, CA",1.74649,7.52,-119.027,34.4835
"2025-12-14 06:37:06","16 km NW of Fillmore, CA",1.07823,-1.04,-119.036,34.5022
"2025-12-14 06:33:36","13 km NW of Fillmore, CA",3.63,11.12,-119.018,34.4863
"2025-12-14 06:28:14","121 km WNW of Bengkulu, Indonesia",5.1,54.548,101.314,-3.2636
"2025-12-14 06:25:45","77 km WSW of Tobelo, Indonesia",4.3,120.353,127.324,1.5872
"2025-12-14 06:25:42","116 km N of Yakutat, Alaska",2.6,5,-140.023,60.5856
"2025-12-14 06:22:34","6 km NW of The Geysers, CA",0.92,2.77,-122.8,38.825
"2025-12-14 06:22:01","4 km SSE of Running Springs, CA",1.68173,5.99,-117.094,34.1735
"2025-12-14 06:10:02","11 km N of Four Mile Road, Alaska",1.3,18.2,-149.149,64.708
"2025-12-14 06:06:19","7 km ENE of Fox, Alaska",1.4,5,-147.471,64.971
"2025-12-14 05:45:09","6 km WNW of Cobb, CA",1.55,1.94,-122.796,38.8345
"2025-12-14 05:37:15","9 km WNW of The Geysers, CA",0.76,2.29,-122.842,38.8207
"2025-12-14 05:25:38","8 km NW of The Geysers, CA",1.34,1.81,-122.814,38.8307
"2025-12-14 05:23:58","6 km W of Cobb, CA",0.77,2.75,-122.797,38.8273
"2025-12-14 05:15:06","6 km W of Cobb, CA",0.87,2.78,-122.796,38.8273
"2025-12-14 05:14:12","6 km W of Cobb, CA",1.34,2.52,-122.796,38.8262
"2025-12-14 05:11:27","3 km SSW of Kahaluu-Keauhou, Hawaii",2.21,4.65,-155.979,19.5447
"2025-12-14 04:56:42","4 km SW of Borrego Springs, CA",1.05014,1.63,-116.406,33.2318
"2025-12-14 04:54:06","10 km NNW of Ventura, CA",2.0646,7.3,-119.254,34.3595
"2025-12-14 04:45:07","17 km N of Goleta, CA",1.76374,9.58,-119.815,34.5842
"2025-12-14 04:43:02","6 km NW of The Geysers, CA",2.19,2.53,-122.797,38.8235
"2025-12-14 04:37:28","5 km SW of Palomar Observatory, CA",0.968228,20.71,-116.896,33.3218
"2025-12-14 04:35:45","6 km WNW of The Geysers, CA",0.75,3.84,-122.814,38.8018
"2025-12-14 04:22:58","10 km SSW of Tomioka, Japan",4.4,59.635,140.993,37.2402
"2025-12-14 03:46:35","17 km NW of Westmorland, CA",1.58117,0.9,-115.734,33.1605
"2025-12-14 03:42:32","5 km WNW of Cobb, CA",0.44,1.93,-122.782,38.837
"2025-12-14 03:42:24","6 km NW of The Geysers, CA",0.78,2.38,-122.796,38.8195
"2025-12-14 03:39:08","4 km SE of San Ramon, CA",2.18,6.38,-121.942,37.76
"2025-12-14 03:25:30","69 km ESE of Cantwell, Alaska",1.6,9.7,-147.657,63.162
"2025-12-14 03:19:38","169 km ENE of Noda, Japan",4.5,33.424,143.665,40.6806
"2025-12-14 03:17:06","9 km S of Ojai, CA",2.00567,7.06,-119.259,34.367
"2025-12-14 03:14:08","4 km ESE of San Ramon, CA",2.91,7.91,-121.938,37.7625
"2025-12-14 03:08:29","10 km S of Ojai, CA",2.74044,6.39,-119.25,34.3608
"2025-12-14 02:59:19","10 km NE of Pāhala, Hawaii",1.98,31.49,-155.404,19.2695
"2025-12-14 02:58:16","17 km N of Mossyrock, Washington",1.37,15.87,-122.513,46.6815
"2025-12-14 02:51:41","90 km SSW of Puerto San José, Guatemala",4.7,10,-91.2529,13.2295
"2025-12-14 02:41:18","6 km SSW of Ojai, CA",1.54061,1.19,-119.256,34.395
"2025-12-14 02:29:08","10 km NE of San Martin, CA",1.35,5.13,-121.544,37.1553
"2025-12-14 02:27:14","63 km WNW of Toyah, Texas",1.5,6.1625,-104.373,31.595
"2025-12-14 02:25:45","56 km S of Whites City, New Mexico",2.5,6.4331,-104.349,31.665
"2025-12-14 02:17:13","148 km SSW of Hihifo, Tonga",4,112.102,-174.131,-17.2604
"2025-12-14 01:39:42","123 km WSW of Gorontalo, Indonesia",4.9,199.661,122.002,0.1996
"2025-12-14 01:32:00","25 km S of Westbrook, Texas",1.7,2.7247,-101.047,32.124
"2025-12-14 01:21:30","53 km E of Denali National Park, Alaska",1.8,6.5,-150.664,63.611
"2025-12-14 01:19:30","16 km SSW of Olancha, CA",1.11019,3.28,-118.068,36.1503
"2025-12-14 01:05:51","55 km S of Whites City, New Mexico",1.6,7.8306,-104.443,31.682
"2025-12-14 01:05:45","4 km SE of San Ramon, CA",1.28,1.15,-121.937,37.7577
"2025-12-14 00:39:40","34 km NW of Binabalian, Philippines",4.6,10,119.711,16.6487
"2025-12-14 00:39:28","98 km N of Yakutat, Alaska",3.6,5,-139.519,60.4244
"2025-12-14 00:23:55","161 km NNW of Sola, Vanuatu",4.7,208.258,166.985,-12.5294
"2025-12-14 00:10:52","5 km SSW of Petrolia, CA",1.58,16.13,-124.304,40.2802
"2025-12-13 23:59:49","114 km NW of Yakutat, Alaska",2,5,-141.35,60.166
"2025-12-13 23:44:38","8 km WNW of Cobb, CA",1.05,1.81,-122.811,38.8378
"2025-12-13 23:28:35","39 km ENE of Hualien City, Taiwan",4.1,26.826,121.927,24.1688
"2025-12-13 23:22:18","30 km NNE of Paxson, Alaska",1.8,6.7,-145.435,63.352
"2025-12-13 23:14:04","58 km S of Whites City, New Mexico",1.6,3.8671,-104.383,31.652
"2025-12-13 23:06:26","5 km NW of The Geysers, CA",0.78,0.77,-122.801,38.811
"2025-12-13 23:00:36","6 km WSW of Kenwood, CA",2.66,1.33,-122.615,38.396
"2025-12-13 22:58:20","81 km W of Petrolia, CA",2.68,0.07,-125.235,40.401
"2025-12-13 22:54:58","5 km N of Coamo, Puerto Rico",2.5,13.62,-66.3518,18.1285
"2025-12-13 22:24:50","59 km S of Whites City, New Mexico",1.8,4.0678,-104.392,31.643
"2025-12-13 22:22:20","9 km WNW of The Geysers, CA",0.34,9.48,-122.843,38.8143
"2025-12-13 22:21:00","27 km WSW of Ackerly, Texas",1.2,4.4266,-102.003,32.468
"2025-12-13 22:12:27","17 km SSE of Bodfish, CA",1.21729,7.2,-118.43,35.4442
"2025-12-13 22:11:07","15 km NW of Grapevine, CA",1.4936,10.11,-119.046,35.0368
"2025-12-13 22:06:33","58 km SSE of Cantwell, Alaska",2.2,1.2,-148.574,62.895
"2025-12-13 22:04:09","88 km SSE of Pondaguitan, Philippines",4.5,98.702,126.504,5.626
"2025-12-13 21:57:51","9 km S of The Geysers, CA",0.84,4.89,-122.755,38.699
"2025-12-13 21:47:35","2 km N of The Geysers, CA",0.74,4.51,-122.757,38.7908
"2025-12-13 21:40:49","5 km S of Salcha, Alaska",1.4,5,-146.889,64.477
"2025-12-13 21:23:33","58 km N of Barkhan, Pakistan",4.4,41.292,69.5538,30.4248
"2025-12-13 20:48:30","20 km S of Hayfork, CA",1.59,-1.42,-123.214,40.3757
"2025-12-13 20:46:26","1 km S of Pacoima, CA",1.08647,8.85,-118.42,34.2558
"2025-12-13 20:46:08","51 km SSE of Manley Hot Springs, Alaska",1.2,6.1,-150.219,64.579
"2025-12-13 20:14:27","53 km NW of San Antonio de los Cobres, Argentina",4.3,206.38,-66.7449,-23.9367
"2025-12-13 19:56:04","3 km WSW of Guánica, Puerto Rico",2.21,8.76,-66.9415,17.959
"2025-12-13 19:48:27","11 km WNW of Toms Place, CA",0.96,6.28,-118.79,37.6005
"2025-12-13 19:34:34","South Sandwich Islands region",5,74.821,-25.7707,-58.9067
"2025-12-13 19:32:44","114 km NNW of Yakutat, Alaska",3,5,-140.148,60.5526
"2025-12-13 19:24:56","14 km WSW of Stanton, Texas",1.3,4.0537,-101.943,32.102
"2025-12-13 19:16:55","14 km SSE of Volcano, Hawaii",1.88,5.53,-155.167,19.3303
"2025-12-13 19:12:46","17 km NE of Pine Valley, CA",1.11353,4.85,-116.413,32.9353
"2025-12-13 19:09:30","4 km WSW of Guánica, Puerto Rico",2.3,7.77,-66.9463,17.9587
"2025-12-13 18:54:31","14 km N of Cloverdale, CA",1.67,4.33,-123.024,38.9278
"2025-12-13 18:50:21","7 km S of Borrego Springs, CA",1.38751,12.51,-116.39,33.1937
"2025-12-13 18:42:17","46 km E of Pedro Bay, Alaska",2.1,141.2,-153.281,59.836
"2025-12-13 18:39:31","216 km ESE of Labasa, Fiji",4.3,556.21,-178.775,-17.2242
"2025-12-13 18:38:34","30 km ESE of Susitna North, Alaska",3,4,-149.305,62.06
"2025-12-13 18:37:55","17 km W of Volcano, Hawaii",1.83,6.46,-155.396,19.42
"2025-12-13 18:36:58","56 km NW of Toyah, Texas",1.6,4.3509,-104.273,31.609
"2025-12-13 18:35:55","12 km N of Four Mile Road, Alaska",1.1,10.4,-149.101,64.715
"2025-12-13 18:17:21","14 km NE of Pedro Bay, Alaska",3.3,163.6,-153.901,59.859
"2025-12-13 18:13:07","4 km SW of Borrego Springs, CA",0.89,1.77,-116.407,33.2372
"2025-12-13 18:09:01","99 km N of Yakutat, Alaska",2.7,5,-139.607,60.4381
"2025-12-13 18:05:24","8 km W of Cobb, CA",0.26,1.68,-122.814,38.8355
"2025-12-13 17:59:00","3 km SSW of Cobb, CA",0.59,1.82,-122.737,38.7987
"2025-12-13 17:53:38","105 km N of Yakutat, Alaska",3,5,-139.552,60.4867
"2025-12-13 17:48:46","82 km W of Ollagüe, Chile",5.4,95.911,-69.0504,-21.2245
"2025-12-13 17:38:37","6 km N of Big Bear City, CA",0.75,4.43,-116.844,34.3153
"2025-12-13 17:21:13","3 km E of Mentone, CA",1.11482,15.93,-117.099,34.0747
"2025-12-13 17:16:42","202 km E of Levuka, Fiji",4.7,568.531,-178.774,-17.9174
"2025-12-13 17:12:40","5 km WNW of Lehi, Utah",1.6,2.258,-111.907,40.4071
"2025-12-13 17:09:16","20 km SE of Kasilof, Alaska",2.3,58.2,-150.972,60.23
"2025-12-13 17:04:48","11 km SSW of Idyllwild, CA",1.03215,12.15,-116.756,33.6503
"2025-12-13 17:01:37","17 km ESE of Julian, CA",1.34123,10.74,-116.439,33.019
"2025-12-13 16:56:27","6 km WNW of Cobb, CA",0.64,1.7,-122.791,38.836
"2025-12-13 16:55:55","7 km NW of The Geysers, CA",1.08,2.33,-122.803,38.8232
"2025-12-13 16:49:28","7 km ESE of Loco, Oklahoma",2.27,2.34803,-97.6059,34.296
"2025-12-13 16:43:06","southeast of the Loyalty Islands",4.6,59.883,171.102,-22.5986
"2025-12-13 16:29:04","4 km W of Cobb, CA",1.63,2.05,-122.767,38.8235
"2025-12-13 16:24:58","7 km NW of The Geysers, CA",0.26,4.68,-122.806,38.8215
"2025-12-13 16:21:00","Rat Islands, Aleutian Islands, Alaska",5.5,109.647,178.337,51.9234
"2025-12-13 16:20:26","7 km NW of The Geysers, CA",0.75,2.55,-122.804,38.8252
"2025-12-13 15:56:24","114 km N of Yakutat, Alaska",2.6,1.75,-139.978,60.5642
"2025-12-13 15:50:19","57 km WSW of Anchor Point, Alaska",2.3,91,-152.815,59.635
"2025-12-13 15:30:32","60 km S of Whites City, New Mexico",1.4,3.3584,-104.456,31.633
"2025-12-13 14:52:05","16 km SE of Coahoma, Texas",2.2,2.2563,-101.185,32.186
"2025-12-13 14:51:16","5 km NNE of Boonville, CA",0.73,4.25,-123.351,39.057
"2025-12-13 14:31:52","2 km WNW of The Geysers, CA",1.28,3.49,-122.776,38.7832
"2025-12-13 14:00:28","21 km WNW of Nikiski, Alaska",2.1,84,-151.668,60.752
"2025-12-13 13:51:12","15 km W of Johannesburg, CA",1.65034,7.08,-117.804,35.3525
"2025-12-13 13:47:42","14 km NE of Balmorhea, Texas",1.5,0,-103.633,31.074
"2025-12-13 13:45:47","20 km SSW of Toyah, Texas",1.6,0,-103.902,31.152
"2025-12-13 13:40:56","16 km W of Johannesburg, CA",1.22804,8.09,-117.809,35.3522
"2025-12-13 13:40:31","16 km W of Johannesburg, CA",1.28899,7.82,-117.806,35.3522
"2025-12-13 13:31:01","107 km N of Yakutat, Alaska",2.5,7.476,-139.894,60.5061
"2025-12-13 13:26:50","9 km NNW of Sabana, Puerto Rico",2.97,70.05,-66.4025,18.5308
"2025-12-13 13:19:51","6 km SSW of Ojai, CA",1.43133,3.79,-119.265,34.3932
"2025-12-13 13:16:09","16 km W of Johannesburg, CA",1.62795,6.42,-117.807,35.3538
"2025-12-13 13:14:11","86 km NNW of Karluk, Alaska",1.2,5,-155.128,58.256
"2025-12-13 13:08:51","9 km E of Healdsburg, CA",1.2,7.72,-122.762,38.6203
"2025-12-13 12:56:08","62 km SSW of Whites City, New Mexico",2.9,4.5874,-104.598,31.643
"2025-12-13 12:45:35","1 km SE of Jauca, Puerto Rico",2.77,7.26,-66.3583,17.961
"2025-12-13 12:43:19","12 km ENE of Toyah, Texas",1.1,0,-103.681,31.366
"2025-12-13 12:39:47","11 km SW of Petersville, Alaska",1.9,70,-150.947,62.431
"2025-12-13 12:34:48","30 km S of Denali National Park, Alaska",2.9,0.2,-151.648,63.271
"2025-12-13 12:25:17","9 km E of Healdsburg, CA",1.43,7,-122.766,38.6202
"2025-12-13 12:22:53","49 km WNW of Ninilchik, Alaska",2.4,103.9,-152.472,60.252
"2025-12-13 12:03:58","59 km S of Whites City, New Mexico",2.5,4.3543,-104.392,31.642
"2025-12-13 12:03:58","57 km S of Whites City, New Mexico",2.6,6.0999,-104.382,31.656
"2025-12-13 11:58:45","10 km WNW of The Geysers, CA",0.72,2.46,-122.852,38.8222
"2025-12-13 11:54:40","2 km NNE of The Geysers, CA",0.74,1.52,-122.747,38.7972
"2025-12-13 11:29:44","81 km ENE of Misawa, Japan",4.6,64.334,142.242,41.0284
"2025-12-13 11:23:59","5 km W of Glen Ellen, CA",1.81,0.09,-122.592,38.3602
"2025-12-13 11:23:04","55 km SSW of Whites City, New Mexico",1.9,3.8184,-104.584,31.711
"2025-12-13 11:14:31","60 km SE of Pedro Bay, Alaska",1.9,15,-153.389,59.38
"2025-12-13 11:08:14","7 km NW of The Geysers, CA",0.8,2.39,-122.809,38.8218
"2025-12-13 10:49:00","188 km ENE of Levuka, Fiji",4.4,547.575,-178.963,-17.6164
"2025-12-13 10:20:53","8 km W of Templeton, CA",1.16,5.4,-120.798,35.561
"2025-12-13 10:14:30","16 km WSW of Johannesburg, CA",1.32515,5.96,-117.802,35.3362
"2025-12-13 10:01:25","4 km SE of San Ramon, CA",2.2,7.3,-121.94,37.7538
"2025-12-13 09:25:19","6 km NW of The Geysers, CA",1.07,2.89,-122.8,38.8235
"2025-12-13 09:02:09","84 km NW of Yakutat, Alaska",1.9,9.2,-140.746,60.105
"2025-12-13 08:46:44","13 km NW of Grand Lake Stream, Maine",1.7,6.53,-67.8941,45.2723
"2025-12-13 08:44:06","0 km SW of Lajas, Puerto Rico",2.74,12.78,-67.0607,18.0483
"2025-12-13 08:19:02","5 km WSW of Hope, Kansas",2.7,10,-97.1375,38.6654
"2025-12-13 08:03:45","9 km NW of The Geysers, CA",1.08,1.81,-122.844,38.8242
"2025-12-13 07:52:43","12 km W of Morrison, Oklahoma",1.87,7.2328,-97.1458,36.3139
"2025-12-13 07:49:15","0 km N of Pāhala, Hawaii",1.7,28.88,-155.479,19.2093
"2025-12-13 07:37:23","5 km WNW of The Geysers, CA",0.94,3.11,-122.812,38.7935
"2025-12-13 07:31:58","42 km ENE of Baculin, Philippines",4.5,34.269,126.943,7.5809
"2025-12-13 07:30:25","113 km N of Yakutat, Alaska",3.7,5,-139.693,60.563
"2025-12-13 07:16:22","5 km WNW of Cobb, CA",0.37,1.67,-122.783,38.8365
"2025-12-13 07:16:03","8 km NW of The Geysers, CA",0.27,2.06,-122.819,38.8353
"2025-12-13 07:13:31","2 km NNE of The Geysers, CA",0.75,1.44,-122.752,38.7942
"2025-12-13 07:11:57","25 km ESE of Denali National Park, Alaska",1.6,5,-151.252,63.459
"2025-12-13 07:10:07","8 km W of Cobb, CA",0.27,1.58,-122.813,38.8343
"2025-12-13 07:00:33","2 km ENE of The Geysers, CA",1.29,-0.91,-122.739,38.7862
"2025-12-13 06:08:36","28 km E of Atlantic City, Wyoming",3.8,11.51,-108.381,42.5199
"2025-12-13 05:37:03","111 km NW of Yakutat, Alaska",1.4,5,-141.312,60.148
"2025-12-13 05:33:30","14 km E of Susitna, Alaska",2.1,31.2,-150.249,61.528
"2025-12-13 05:28:11","42 km E of Fort Bidwell, California",1.99,3.2002,-119.638,41.9097
"2025-12-13 05:22:06","117 km N of Yakutat, Alaska",2.8,5,-139.946,60.5945
"2025-12-13 05:18:20","4 km SE of Home Gardens, CA",1.55579,1.33,-117.493,33.8502
"2025-12-13 05:14:08","3 km SSW of San Juan Bautista, CA",2.01,3.92,-121.551,36.8187
"2025-12-13 05:00:31","8 km W of Templeton, CA",3.46,5.13,-120.795,35.5545
"2025-12-13 04:58:36","26 km NW of Pawnee, Texas",1.9,8.8341,-98.219,28.804
"2025-12-13 04:50:47","7 km E of Ephraim, Utah",1.69,5.34,-111.501,39.3595
"2025-12-13 04:40:33","25 km WNW of Susitna, Alaska",2.2,60.6,-150.913,61.668
"2025-12-13 04:22:17","2 km SW of Guánica, Puerto Rico",2.22,10.18,-66.9273,17.9533
"2025-12-13 04:20:16","20 km NE of Manley Hot Springs, Alaska",1.7,19.4,-150.285,65.11
"2025-12-13 04:06:18","8 km SSW of Los Alamos, CA",1.64389,4,-120.308,34.6775
"2025-12-13 03:54:20","112 km N of Yakutat, Alaska",3.1,5,-139.9,60.553
"2025-12-13 03:44:12","37 km N of Valdez, Alaska",2.2,8,-146.451,61.466
"2025-12-13 02:38:59","22 km NW of Tatitlek, Alaska",1.8,22.4,-146.992,60.992
"2025-12-13 02:33:08","34 km N of Valdez, Alaska",2.2,20.3,-146.462,61.433
"2025-12-13 02:09:31","13 km SW of La Crosse, Washington",1.34,-0.54,-118.022,46.7448
"2025-12-13 02:09:06","54 km SSE of Whites City, New Mexico",2.1,6.7535,-104.188,31.707
"2025-12-13 02:08:15","13 km ENE of Cloverdale, CA",0.72,2.48,-122.879,38.8392
"2025-12-13 02:07:03","1 km S of Tumwater, Washington",1.21,-0.19,-122.907,46.994
"2025-12-13 02:06:12","9 km NW of Fayette, Utah",1.15,2.26,-111.946,39.2728
"2025-12-13 01:43:56","117 km E of Barcelona, Philippines",4.9,17.793,127.495,8.2991
"2025-12-13 01:37:08","6 km NNW of The Geysers, CA",1.09,3.14,-122.791,38.8202
"2025-12-13 01:23:44","8 km E of Lebec, CA",1.36935,0.86,-118.781,34.8477
"2025-12-13 01:23:26","19 km E of Naalehu, Hawaii",2.28,33.24,-155.4,19.0367
"2025-12-13 01:11:54","57 km WNW of Happy Valley, Alaska",2.2,97.7,-152.743,60.055
"2025-12-13 01:07:22","33 km E of West Yellowstone, Montana",0.28,4.42,-110.676,44.6592
"2025-12-13 01:06:30","34 km E of West Yellowstone, Montana",0.64,5.06,-110.673,44.6592
"2025-12-13 00:54:47","7 km WNW of The Geysers, CA",0.66,1.61,-122.828,38.8138
"2025-12-13 00:44:58","49 km SSW of King Cove, Alaska",3.1,67.486,-162.618,54.6485
"2025-12-13 00:33:13","203 km SE of Kushimoto, Japan",5.3,368.543,137.508,32.3582
"2025-12-13 00:31:28","7 km S of Indios, Puerto Rico",1.98,13.55,-66.8265,17.9297
"2025-12-13 00:30:01","9 km S of Ojai, CA",1.57546,9.81,-119.262,34.3675
"2025-12-12 23:58:00","111 km N of Yakutat, Alaska",2.8,6.984,-140.031,60.5386
"2025-12-12 23:56:38","112 km N of Yakutat, Alaska",2.8,3.806,-140.04,60.5475
"2025-12-12 23:44:58","100 km SSW of Nikolski, Alaska",4.8,19.17,-169.361,52.09
"2025-12-12 23:33:04","32 km WSW of Ackerly, Texas",0.7,7.0557,-102.029,32.407
"2025-12-12 23:32:58","17 km SW of Toms Place, CA",1.12,5.76,-118.843,37.4722
"2025-12-12 23:29:04","22 km ESE of Pāhala, Hawaii",1.78,43.09,-155.269,19.1607
"2025-12-12 23:28:55","111 km N of Yakutat, Alaska",2.8,3.374,-139.857,60.5424
"2025-12-12 23:13:14","57 km ENE of Severo-Kuril’sk, Russia",5.2,79.56,156.897,50.8502
"2025-12-12 23:09:02","15 km NW of Stanton, Texas",1.1,6.2012,-101.908,32.225
"2025-12-12 23:00:56","3 km E of The Geysers, CA",1.48,1.29,-122.725,38.782
"2025-12-12 22:57:25","21 km NNW of Midland, Texas",1.4,9.7656,-102.125,32.183
"2025-12-12 22:50:17","13 km S of Koloni, Cyprus",4.2,10,32.4627,34.6283
"2025-12-12 22:43:54","12 km E of Gardendale, Texas",1.5,4.1553,-102.246,32
"2025-12-12 22:43:47","124 km NW of Yakutat, Alaska",1.7,15,-141.404,60.276
"2025-12-12 22:43:17","28 km WSW of Balaklava, Ukraine",4.1,15.338,33.2682,44.4124
"2025-12-12 22:35:13","21 km NW of Stanton, Texas",0.9,6.3721,-101.926,32.281
"2025-12-12 22:29:52","12 km SSE of Anza, CA",0.56,9.48,-116.612,33.461
"2025-12-12 22:29:32","120 km N of Yakutat, Alaska",3.9,5,-140.08,60.6164
"2025-12-12 22:23:01","4 km NNW of The Geysers, CA",0.72,1.57,-122.78,38.8123
"2025-12-12 22:08:38","9 km E of Coahoma, Texas",1.6,6.4209,-101.208,32.306
"2025-12-12 22:08:17","107 km N of Yakutat, Alaska",2.9,5,-139.86,60.5094
"2025-12-12 21:48:53","0 km NNW of The Geysers, CA",1.2,1.22,-122.757,38.7787
"2025-12-12 21:48:39","0 km WNW of The Geysers, CA",0.8,0.98,-122.758,38.778
"2025-12-12 21:04:28","Broken Ridge",4.9,10,79.0044,-31.442
"2025-12-12 20:49:56","10 km WNW of The Geysers, CA",0.76,1.84,-122.854,38.8242
"2025-12-12 20:42:44","6 km NNW of Cabazon, CA",0.6,6.17,-116.809,33.9647
"2025-12-12 20:39:50","86 km SSE of Perryville, Alaska",2.7,0.1,-158.806,55.16
"2025-12-12 20:29:57","30 km SSE of Chignik Lake, Alaska",1.8,73.8,-158.558,56.008
"2025-12-12 20:29:28","8 km NW of The Geysers, CA",0.76,2,-122.82,38.8313
"2025-12-12 20:29:10","52 km N of Petersville, Alaska",2.4,113.4,-150.812,62.966
"2025-12-12 20:19:57","146 km ENE of Masohi, Indonesia",4.6,32.819,130.262,-3.034
"2025-12-12 20:19:15","108 km N of Yakutat, Alaska",2.7,5,-140.053,60.506
"2025-12-12 20:17:19","57 km S of Whites City, New Mexico",2,6.7151,-104.334,31.657
"2025-12-12 20:04:29","4 km ENE of Cabazon, CA",0.61,14.46,-116.75,33.9352
"2025-12-12 19:54:52","4 km ENE of Steele, Missouri",1.95,9.59,-89.7753,36.0943
"2025-12-12 19:54:19","32 km E of Cordova, Alaska",2,14.7,-145.185,60.6
"2025-12-12 19:48:28","12 km SSE of Anza, CA",0.58,9.34,-116.615,33.4612
"2025-12-12 19:38:41","8 km NW of The Geysers, CA",1.47,0.75,-122.83,38.8198
"2025-12-12 19:35:36","12 km ESE of Mammoth Lakes, CA",0.37,6,-118.86,37.5778
"2025-12-12 19:25:56","South Sandwich Islands region",5.1,52.028,-26.1874,-59.6574
"2025-12-12 19:24:46","93 km NNE of Yakutat, Alaska",2.6,5,-139.342,60.3669
"2025-12-12 19:23:59","4 km WNW of Cabazon, CA",1.33,7.7,-116.826,33.938
"2025-12-12 19:23:28","6 km N of Big Bear City, CA",1.02,6.37,-116.85,34.3147
"2025-12-12 19:22:02","242 km W of Bandon, Oregon",3.2,10,-127.375,43.3335
"2025-12-12 19:18:45","20 km W of Tyonek, Alaska",1.5,71.2,-151.513,61.049
"2025-12-12 19:17:39","13 km S of Stratford, CA",2.04,18.38,-119.843,36.0777
"2025-12-12 19:09:00","39 km NNE of Chenega, Alaska",1.7,19.9,-147.826,60.411
"2025-12-12 19:06:48","63 km N of Culebra, Puerto Rico",3.13,22.28,-65.262,18.8795
"2025-12-12 18:58:42","57 km SSW of Whites City, New Mexico",1.6,4.3054,-104.528,31.677
"2025-12-12 18:47:06","9 km WNW of The Geysers, CA",1.84,2.39,-122.843,38.8217
"2025-12-12 18:43:05","38 km NNE of Amboy, Washington",0.12,2.45,-122.186,46.2027
"2025-12-12 18:42:24","9 km WNW of The Geysers, CA",1.01,2.41,-122.846,38.822
"2025-12-12 18:31:51","6 km NW of The Geysers, CA",0.77,3.03,-122.795,38.8222
"2025-12-12 18:31:42","63 km N of Culebra, Puerto Rico",3.07,32.22,-65.2717,18.8787
"2025-12-12 18:27:54","6 km NW of The Geysers, CA",0.77,12.58,-122.798,38.8155
"2025-12-12 18:12:58","3 km S of Yorba Linda, CA",1.18,15.41,-117.81,33.8583
"2025-12-12 18:12:18","6 km NE of Lake McMurray, Washington",1.39,16.16,-122.165,48.3557
"2025-12-12 17:59:25","6 km NE of Anza, CA",0.73,14.59,-116.62,33.587
"2025-12-12 17:54:51","71 km NNE of Petersville, Alaska",2.2,103.3,-150.326,63.101
"2025-12-12 17:53:47","44 km WSW of Manley Hot Springs, Alaska",1.7,18.1,-151.444,64.803
"2025-12-12 17:39:06","19 km NNW of Willow, Alaska",2.7,29.9,-150.194,61.905
"2025-12-12 17:36:27","88 km NNW of Yakutat, Alaska",1.5,5,-140.547,60.231
"2025-12-12 17:05:30","98 km N of Yakutat, Alaska",2.8,3.668,-139.554,60.4241
"2025-12-12 16:48:36","22 km ENE of San Ardo, CA",1.71,2.86,-120.681,36.1017
"2025-12-12 16:47:10","6 km WSW of Fuig, Puerto Rico",2.24,11.03,-66.9737,17.9655
"2025-12-12 16:45:05","5 km SSE of Toms Place, CA",0.93,13.87,-118.668,37.5183
"2025-12-12 16:39:05","0 km NNW of Beaumont, CA",0.87,12.85,-116.978,33.9335
"2025-12-12 16:38:39","9 km SW of Idyllwild, CA",0.61,17.39,-116.789,33.6853
"2025-12-12 16:38:04","0 km NW of Beaumont, CA",1.15,12.48,-116.98,33.9322
"2025-12-12 16:37:35","1 km NNW of Beaumont, CA",0.66,12.88,-116.98,33.9335
"2025-12-12 16:34:03","61 km ENE of Pedro Bay, Alaska",2.5,133,-153.14,60.047
"2025-12-12 16:31:45","3 km NNW of Genola, Utah",1,8.82,-111.866,40.0242
"2025-12-12 16:29:38","61 km S of Glacier View, Alaska",1.4,6.9,-147.687,61.255
"2025-12-12 16:20:54","57 km WNW of Aleneva, Alaska",2.1,67.9,-153.783,58.284
"2025-12-12 16:09:36","12 km W of Stanton, Texas",0.8,8.8135,-101.922,32.119
"2025-12-12 16:09:16","21 km SSE of San Pedro, CA",1.82,0.08,-118.227,33.5537
"2025-12-12 16:04:36","4 km SSW of South Pasadena, CA",1.15,10.51,-118.173,34.0842
"2025-12-12 16:03:17","11 km NE of Pāhala, Hawaii",1.51,29.9,-155.392,19.2722
"2025-12-12 15:56:35","14 km NE of Hermleigh, Texas",1.1,7.1533,-100.668,32.746
"2025-12-12 15:46:24","112 km NW of Yakutat, Alaska",1.5,5.2,-141.298,60.17
"2025-12-12 15:45:05","5 km NE of Anza, CA",0.35,15.21,-116.628,33.5807
"2025-12-12 15:43:37","43 km NW of Petersville, Alaska",2.1,108.5,-151.285,62.803
"2025-12-12 15:39:57","6 km NW of The Geysers, CA",0.77,3.04,-122.799,38.8243
"2025-12-12 15:39:21","south of Tonga",4.9,10,-175.788,-26.7441
"2025-12-12 15:39:20","6 km NW of The Geysers, CA",1.33,2.96,-122.799,38.8237
"2025-12-12 15:36:45","6 km NW of The Geysers, CA",0.76,2.79,-122.8,38.8237
"2025-12-12 15:35:19","5 km NNE of Ami, Japan",4.9,56.218,140.23,36.0804
"2025-12-12 15:34:03","7 km ESE of Piru, CA",1.06,15.27,-118.731,34.381
"2025-12-12 15:18:02","115 km WNW of Yakutat, Alaska",2.5,2.5,-141.43,60.131
"2025-12-12 15:17:01","79 km SE of Perryville, Alaska",2.5,9.9,-158.266,55.397
"2025-12-12 15:03:53","6 km WNW of The Geysers, CA",0.25,3.05,-122.821,38.8067
"2025-12-12 14:57:04","110 km N of Yakutat, Alaska",2.8,10,-139.708,60.5368
"2025-12-12 14:52:22","5 km WNW of Borrego Springs, CA",0.72,4.63,-116.423,33.2655
"2025-12-12 14:50:30","16 km W of Volcano, Hawaii",1.94,4.64,-155.389,19.4223
"2025-12-12 14:49:11","4 km WNW of Borrego Springs, CA",0.37,4.94,-116.418,33.2675
"2025-12-12 14:44:46","south of the Fiji Islands",4.4,500.742,-179.894,-23.863
"2025-12-12 14:40:12","5 km W of Cobb, CA",0.92,1.38,-122.783,38.8195
"2025-12-12 14:36:35","3 km SW of Anderson Springs, CA",1.04,2.63,-122.724,38.7565
"2025-12-12 14:35:37","3 km NW of Genola, Utah",0.49,6.4,-111.873,40.0152
"2025-12-12 14:27:42","7 km SSE of Guánica, Puerto Rico",2.18,6.8,-66.8752,17.9098
"2025-12-12 14:23:29","6 km NE of Anza, CA",0.41,14.74,-116.624,33.5873
"2025-12-12 14:22:24","7 km NW of The Geysers, CA",1.06,1.49,-122.814,38.8273
"2025-12-12 14:21:55","18 km WSW of Lakeview, Oregon",1.4,2.59,-120.544,42.1037
"2025-12-12 14:17:46","6 km NE of Anza, CA",0.61,14.07,-116.626,33.5862
"2025-12-12 14:07:17","35 km SSW of Los Ybanez, Texas",1,9.4482,-102.076,32.433
"2025-12-12 14:06:39","20 km SW of Ocotillo Wells, CA",0.9,7.44,-116.293,33.0287
"2025-12-12 14:05:06","5 km NW of The Geysers, CA",0.74,3.02,-122.794,38.808
"2025-12-12 14:04:53","52 km WNW of Ninilchik, Alaska",1.9,98,-152.539,60.222
"2025-12-12 13:55:39","10 km NW of The Geysers, CA",1.05,1.16,-122.837,38.8373
"2025-12-12 13:48:20","57 km S of Whites City, New Mexico",1.5,6.0999,-104.44,31.656
"2025-12-12 13:39:28","63 km SSE of McCarthy, Alaska",0.7,38.6,-142.273,60.953
"2025-12-12 13:28:50","32 km WNW of Valdez, Alaska",1.8,19.7,-146.85,61.291
"2025-12-12 13:28:27","6 km SSW of Idyllwild, CA",0.29,14.2,-116.741,33.6845
"2025-12-12 13:25:44","91 km ENE of Yokohama, Japan",4.6,61.659,142.318,41.254
"2025-12-12 13:24:37","127 km S of McCarthy, Alaska",2,4.2,-143.319,60.31
"2025-12-12 13:20:33","3 km NNW of Genola, Utah",0.64,8.58,-111.858,40.0225
"2025-12-12 13:14:18","2 km NW of Fontana, CA",0.98,6.22,-117.469,34.1102
"2025-12-12 13:11:31","19 km ESE of Little Lake, CA",0.89,3.15,-117.7,35.8857
"2025-12-12 12:53:01","108 km N of Yakutat, Alaska",3,3.736,-139.844,60.5216
"2025-12-12 12:51:09","33 km WSW of Ackerly, Texas",0.7,7.8369,-102.042,32.405
"2025-12-12 12:35:56","5 km WNW of Cobb, CA",1.09,1.89,-122.783,38.8382
"2025-12-12 12:34:40","4 km WSW of Pāhala, Hawaii",2.69,31.76,-155.518,19.1792
"2025-12-12 12:31:10","100 km N of Yakutat, Alaska",2.6,3.574,-139.478,60.4376
"2025-12-12 12:26:26","4 km N of Moose Pass, Alaska",2,4.4,-149.369,60.528
"2025-12-12 12:23:21","1 km NNE of Placentia, CA",0.88,8.63,-117.866,33.8828
"2025-12-12 12:17:54","18 km NW of Parkfield, CA",0.6,0.31,-120.57,36.0108
"2025-12-12 12:11:42","8 km W of Templeton, CA",1.2,5.69,-120.792,35.5558
"2025-12-12 11:53:16","25 km SSW of Westbrook, Texas",0.8,2.6367,-101.091,32.135
"2025-12-12 11:52:18","18 km SE of Manti, Utah",2.33,5.12,-111.481,39.151
"2025-12-12 11:46:30","88 km NNE of Cruz Bay, U.S. Virgin Islands",3.24,18.9,-64.6072,19.1083
"2025-12-12 11:35:20","9 km WNW of The Geysers, CA",0.74,2.48,-122.845,38.8182
"2025-12-12 11:30:34","94 km NW of Yakutat, Alaska",1.8,31.5,-140.886,60.167
"2025-12-12 11:26:07","12 km S of Forsan, Texas",0.9,8.8379,-101.368,32.001
"2025-12-12 10:39:18","11 km SSW of Borrego Springs, CA",0.56,8.74,-116.413,33.1645
"2025-12-12 10:37:07","19 km SSW of Ocotillo Wells, CA",1.36,5.85,-116.231,32.999
"2025-12-12 10:35:27","18 km SSW of Ocotillo Wells, CA",0.74,7.87,-116.197,32.9883
"2025-12-12 10:30:55","9 km SSW of Ojai, CA",1.17,6.77,-119.264,34.3707
"2025-12-12 10:28:19","125 km NE of Kuji, Japan",4.7,10,142.998,40.8255
"2025-12-12 10:26:33","1 km N of The Geysers, CA",0.59,2.79,-122.757,38.7885
"2025-12-12 10:09:37","77 km ENE of Tonopah, Nevada",1.85,8.2055,-116.491,38.4535
"2025-12-12 10:01:10","78 km NE of Tonopah, Nevada",3.11,7.1145,-116.492,38.4647
"2025-12-12 09:59:22","107 km WSW of Gorontalo, Indonesia",4.9,180.599,122.127,0.3018
"2025-12-12 09:57:00","77 km NE of Tonopah, Nevada",1.64,5.3808,-116.499,38.4639
"2025-12-12 09:52:16","57 km S of Whites City, New Mexico",1.7,6.0999,-104.392,31.658
"2025-12-12 09:48:43","0 km SE of Pāhala, Hawaii",1.55,35.32,-155.473,19.1982
"2025-12-12 09:44:46","76 km NE of Tonopah, Nevada",2.22,7.2824,-116.507,38.4524
"2025-12-12 09:31:51","11 km NW of Ocotillo, CA",1.33,10.12,-116.089,32.7897
"2025-12-12 09:28:45","79 km NW of Yakutat, Alaska",2.1,5,-140.84,59.993
"2025-12-12 09:23:15","21 km W of Volcano, Hawaii",1.81,5.54,-155.436,19.4702
"2025-12-12 09:16:05","11 km NW of Ocotillo, CA",1.05,11.02,-116.084,32.7928
"2025-12-12 09:11:31","94 km NW of Yakutat, Alaska",2.1,16.1,-140.794,60.204
"2025-12-12 09:03:35","10 km SSE of San Juan Bautista, CA",2.32,6.34,-121.5,36.7653
"2025-12-12 08:58:03","16 km SSW of Searles Valley, CA",1.66,8.85,-117.446,35.6285
"2025-12-12 08:51:41","122 km S of Honchō, Japan",5.5,45.582,142.9,41.028
"2025-12-12 08:35:02","106 km WSW of Turpan, China",4.7,40.556,87.9573,42.6053
"2025-12-12 08:14:12","114 km ENE of Hachinohe, Japan",6.7,10.678,142.745,40.9175
"2025-12-12 08:13:27","11 km NNW of Warner Springs, CA",0.14,11.01,-116.691,33.3705
"2025-12-12 08:12:18","66 km NNE of Petersville, Alaska",2.9,112.2,-150.484,63.079
"2025-12-12 08:10:04","2 km NW of Cushing, Oklahoma",1.44,5.7,-96.788,35.9985
"2025-12-12 07:51:12","19 km SW of Ocotillo Wells, CA",0.65,6.86,-116.291,33.03
"2025-12-12 07:46:50","1 km SSW of Pāhala, Hawaii",1.72,33.2,-155.484,19.194
"2025-12-12 07:43:48","8 km NW of The Geysers, CA",0.72,1.73,-122.814,38.8315
"2025-12-12 07:27:14","9 km SSE of San Juan Bautista, CA",2.47,6.29,-121.51,36.7707
"2025-12-12 07:25:54","7 km ENE of Pala, CA",0.53,13.86,-117.005,33.3905
"2025-12-12 07:24:12","109 km N of Yakutat, Alaska",3.1,5,-139.865,60.5318
"2025-12-12 07:01:16","5 km WNW of Cobb, CA",0.76,1.61,-122.782,38.839
"2025-12-12 06:56:01","8 km SSE of San Juan Bautista, CA",1,4.95,-121.501,36.7808
"2025-12-12 06:49:44","9 km SSE of San Juan Bautista, CA",3.28,6.46,-121.5,36.7715
"2025-12-12 06:45:07","64 km ESE of Denali National Park, Alaska",1.8,128.7,-150.57,63.272
"2025-12-12 06:29:40","36 km W of Anchor Point, Alaska",2.1,85.6,-152.473,59.828
"2025-12-12 06:26:39","9 km SSW of Big Spring, Texas",0.8,4.7852,-101.512,32.172
"2025-12-12 06:26:28","21 km ESE of Anza, CA",1.47,13.28,-116.455,33.496
"2025-12-12 06:16:18","28 km WSW of Atico, Peru",4.4,28.262,-73.8769,-16.2905
"2025-12-12 06:06:25","57 km S of Whites City, New Mexico",2.1,5.946,-104.393,31.661
"2025-12-12 05:55:26","274 km SSE of Severo-Kuril’sk, Russia",5,10,157.213,48.3132
"2025-12-12 05:45:45","73 km W of Petrolia, CA",2.73,4.52,-125.144,40.3758
"2025-12-12 05:44:05","9 km SSE of Crawfordsville, Oregon",0.97,9.39,-122.832,44.2717
"2025-12-12 05:31:19","9 km E of Fox, Alaska",0.9,5,-147.413,64.95
"2025-12-12 05:31:03","4 km SE of Julian, CA",0.86,15.7,-116.567,33.0543
"2025-12-12 05:24:34","10 km SSE of Willamina, Oregon",1.31,-0.18,-123.444,44.986
"2025-12-12 05:21:02","9 km SW of Idyllwild, CA",0.72,17.35,-116.788,33.6857
"2025-12-12 05:20:22","44 km N of Petersville, Alaska",1.5,96.9,-150.796,62.893
"2025-12-12 05:20:15","59 km NNE of Punta Cana, Dominican Republic",3.21,37.88,-68.1595,19.067
"2025-12-12 05:05:06","1 km NNE of Sechelt, Canada",1.49,-0.13,-123.747,49.488
"2025-12-12 05:00:29","8 km ESE of Westhaven-Moonstone, CA",1.78,12.75,-124.011,41.0215
"2025-12-12 04:46:02","7 km NW of The Geysers, CA",1.05,3.04,-122.805,38.8222
"2025-12-12 04:44:00","10 km NE of Castle Rock, Washington",1.13,-0.47,-122.82,46.3445
"2025-12-12 04:42:40","87 km NNE of Yakutat, Alaska",2.5,5,-139.32,60.309
"2025-12-12 04:39:10","9 km WNW of The Geysers, CA",0.38,8.8,-122.862,38.8003
"2025-12-12 04:32:38","76 km NW of Yakutat, Alaska",2.1,16.2,-140.658,60.045
"2025-12-12 04:29:14","76 km NW of Yakutat, Alaska",1.7,21.2,-140.7,60.022
"2025-12-12 04:28:44","8 km S of Montesano, Washington",1.02,38.57,-123.624,46.9078
"2025-12-12 04:23:16","8 km WNW of Cobb, CA",0.77,1.96,-122.81,38.8398
"2025-12-12 04:21:35","79 km NNW of Aleneva, Alaska",2,3.2,-153.624,58.669
"2025-12-12 04:14:56","105 km N of Yakutat, Alaska",2.7,5,-139.854,60.4938
"2025-12-12 04:12:28","7 km WNW of Cobb, CA",1.09,1.98,-122.8,38.8358
"2025-12-12 04:04:20","6 km SE of La Parguera, Puerto Rico",2.25,7.84,-67.0115,17.9317
"2025-12-12 03:59:28","46 km NW of Toyah, Texas",1.5,5.9332,-104.121,31.624
"2025-12-12 03:55:34","56 km S of Kingston, Nevada",2.06,6.6776,-117.035,38.7043
"2025-12-12 03:48:04","8 km NW of The Geysers, CA",1.03,1.72,-122.816,38.8305
"2025-12-12 03:43:15","25 km SSW of Ocotillo Wells, CA",1.11,12.03,-116.219,32.933
"2025-12-12 03:41:51","13 km ENE of Ridgecrest, CA",1.5,6.89,-117.553,35.6822
"2025-12-12 03:40:28","20 km ESE of Little Lake, CA",1.1,7.29,-117.685,35.9003
"2025-12-12 03:39:19","121 km S of Honchō, Japan",5.1,28.334,142.802,41.0349
"2025-12-12 03:38:08","264 km E of Levuka, Fiji",5.1,576.24,-178.191,-18.1751
"2025-12-12 03:17:10","4 km ESE of Pinnacles, CA",1.26,8.08,-121.102,36.5247
"2025-12-12 03:10:05","19 km ESE of Mutsu, Japan",4.3,77.914,141.443,41.2428
"2025-12-12 03:03:26","15 km NE of Milford, Utah",0.93,2.88,-112.91,38.5088
"2025-12-12 03:02:32","13 km NW of Fillmore, CA",2.23,9.74,-119.023,34.483
"2025-12-12 03:02:08","13 km NW of Fillmore, CA",1.89,9.99,-119.025,34.4815
"2025-12-12 03:01:05","8 km W of Cobb, CA",0.87,1.3,-122.815,38.8355
"2025-12-12 02:59:24","6 km N of May Creek, Washington",1.05,12.58,-121.666,47.9148
"2025-12-12 02:50:44","6 km NE of Drumright, Oklahoma",1.63,0,-96.5493,36.0305
"2025-12-12 02:42:33","10 km E of Big Bear City, CA",1.08,0.01,-116.739,34.2578
"2025-12-12 02:26:21","78 km ESE of Finschhafen, Papua New Guinea",4.9,25.589,148.477,-6.8903
"2025-12-12 02:21:11","84 km NW of Karluk, Alaska",0.9,5,-155.331,58.17
"2025-12-12 02:19:36","58 km S of Whites City, New Mexico",1.5,6.7151,-104.46,31.651
"2025-12-12 02:17:53","43 km E of Pedro Bay, Alaska",2.4,125.7,-153.336,59.777
"2025-12-12 02:14:26","33 km WSW of Ackerly, Texas",0.7,7.8369,-102.038,32.403
"2025-12-12 02:05:14","13 km NW of Fillmore, CA",2.03,9.75,-119.016,34.4833
"2025-12-12 02:02:05","53 km NNE of Kobuk, Alaska",3,5,-156.524,67.371
"2025-12-12 02:00:31","33 km WSW of Ackerly, Texas",0.8,6.6162,-102.042,32.407
"2025-12-12 01:47:59","14 km NW of Fillmore, CA",1.13,7.9,-119.021,34.4873
"2025-12-12 01:47:58","6 km NE of Willits, CA",1.95,4.4,-123.31,39.4467
"2025-12-12 01:45:44","8 km W of Davis, Oklahoma",1.51,0,-97.2097,34.498
"2025-12-12 01:45:12","31 km NNW of Leavenworth, Washington",1.24,-1.63,-120.837,47.8542
"2025-12-12 01:40:45","21 km SW of Point Possession, Alaska",2,47,-150.913,60.763
"2025-12-12 01:39:00","8 km NW of The Geysers, CA",0.27,1.66,-122.809,38.8307
"2025-12-12 01:32:09","southern East Pacific Rise",4.7,10,-109.323,-34.8356
"2025-12-12 01:29:37","6 km E of Calimesa, CA",1.77,16.42,-116.989,33.9968
"2025-12-12 01:19:22","5 km NW of The Geysers, CA",0.83,3.27,-122.797,38.8073
"2025-12-12 00:55:54","85 km N of Yakutat, Alaska",2.1,4.1,-139.673,60.318
"2025-12-12 00:53:31","7 km W of Templeton, CA",1.45,5.19,-120.78,35.5495
"2025-12-12 00:50:45","109 km N of Yakutat, Alaska",4.2,7.659,-139.983,60.5239
"2025-12-12 00:49:41","15 km NW of Fillmore, CA",1.29,4.95,-119.031,34.4935
"2025-12-12 00:48:52","88 km N of Yakutat, Alaska",2.1,5,-139.836,60.338
"2025-12-12 00:34:56","10 km NNE of Parkfield, CA",0.77,3.31,-120.404,35.986
"2025-12-12 00:31:37","34 km SE of Malaga, New Mexico",1.2,6.9843,-103.815,31.999
"2025-12-12 00:31:03","13 km NW of Fillmore, CA",1.47,10.09,-119.02,34.4802
"2025-12-12 00:29:56","13 km NW of Fillmore, CA",2.19,9.68,-119.015,34.4852
"2025-12-12 00:27:54","38 km NNE of Chenega, Alaska",2.9,18.9,-147.762,60.391
"2025-12-12 00:27:04","13 km NW of Fillmore, CA",1.48,8.55,-119.02,34.4823
"2025-12-12 00:26:44","93 km SE of Kokhanok, Alaska",2,11.6,-153.825,58.754
"2025-12-12 00:17:42","3 km NW of The Geysers, CA",1.49,3.84,-122.782,38.7933
"2025-12-12 00:14:48","24 km W of Petrolia, CA",2.22,10.74,-124.574,40.3195
"2025-12-12 00:11:39","14 km NW of Fillmore, CA",1.9,8.61,-119.023,34.4865
"2025-12-12 00:10:22","5 km S of Shelton, Washington",1.61,-0.24,-123.104,47.162
"2025-12-12 00:07:48","56 km NNW of Fef, Indonesia",4.4,10,132.25,-0.3347
"2025-12-12 00:05:07","13 km NW of Fillmore, CA",1.35,8.02,-119.022,34.478
"2025-12-12 00:04:36","13 km NW of Fillmore, CA",1.24,7.39,-119.024,34.483
"2025-12-12 00:01:12","13 km NW of Fillmore, CA",2.66,10.68,-119.016,34.483
"2025-12-12 00:00:50","46 km NW of Toyah, Texas",1.7,6.0999,-104.126,31.628
"2025-12-12 00:00:46","14 km NW of Fillmore, CA",1.89104,6.56,-119.03,34.4855
"2025-12-12 00:00:43","13 km NW of Fillmore, CA",1.11,9.14,-119.018,34.4862
"2025-12-11 23:59:05","14 km NW of Fillmore, CA",2.59,8.33,-119.031,34.4858
"2025-12-11 23:58:28","13 km NW of Fillmore, CA",2.49,10.15,-119.018,34.4872
"2025-12-11 23:57:32","13 km NW of Fillmore, CA",3.12,10.59,-119.018,34.4878
"2025-12-11 23:57:32","14 km NW of Fillmore, California",3,10,-119.011,34.5037
"2025-12-11 23:56:26","2 km NE of The Geysers, CA",1.73,1.16,-122.744,38.7887
"2025-12-11 23:53:05","13 km WNW of The Geysers, CA",1.09,2.41,-122.877,38.8388
"2025-12-11 23:51:03","15 km NW of Fillmore, California",2.5,10,-119.014,34.5132
"2025-12-11 23:41:07","88 km SSW of Honchō, Japan",4.8,46.653,142.595,41.3738
"2025-12-11 23:31:20","13 km NW of Fillmore, CA",1.71,8.23,-119.021,34.4837
"2025-12-11 23:26:50","12 km NE of Little Lake, CA",0.19,1.97,-117.811,36.0173
"2025-12-11 23:23:02","45 km W of Happy Valley, Alaska",2.4,83.9,-152.543,60.011
"2025-12-11 23:21:28","15 km NW of Fillmore, CA",1.09,1.68,-119.037,34.4932
"2025-12-11 23:20:21","13 km NW of Fillmore, CA",2.01,8.96,-119.018,34.4833
"2025-12-11 23:19:40","14 km NW of Fillmore, CA",1.41,7.94,-119.028,34.4835
"2025-12-11 23:18:57","12 km NE of Little Lake, CA",1.27,1.47,-117.814,36.0167
"2025-12-11 23:03:48","13 km NW of Fillmore, CA",2.32,9.37,-119.02,34.486
"2025-12-11 22:51:08","114 km N of Yakutat, Alaska",3,5.862,-139.895,60.5681
"2025-12-11 22:49:02","5 km N of Dublin, CA",2.39,7.35,-121.937,37.7478
"2025-12-11 22:48:35","81 km S of Acajutla, El Salvador",4.9,43.284,-89.9,12.8601
"2025-12-11 22:48:34","39 km SW of Shuanglong, China",4.7,16.389,104.026,28.2381
"2025-12-11 22:48:20","101 km NNW of Yakutat, Alaska",1.9,1.9,-140.68,60.324
"2025-12-11 22:38:55","6 km WNW of Lehi, Utah",0.95,3.69,-111.923,40.4155
"2025-12-11 22:34:21","85 km S of Honchō, Japan",4.4,54.312,142.887,41.3589
"2025-12-11 22:25:45","75 km NNE of Petersville, Alaska",1.8,99.4,-150.441,63.153
"2025-12-11 22:25:42","75 km SSW of Kivalina, Alaska",2.9,5,-165.321,67.1213
"2025-12-11 22:19:32","55 km WSW of Nanwalek, Alaska",2.9,69.5,-152.756,59.11
"2025-12-11 22:14:16","15 km WSW of Johannesburg, CA",1.06,4.39,-117.791,35.3448
"2025-12-11 22:14:02","83 km NNW of Aleneva, Alaska",1.7,17.5,-153.648,58.702
"2025-12-11 22:09:25","80 km NNW of Aleneva, Alaska",1.9,5,-153.65,58.672
"2025-12-11 22:03:09","46 km NW of Toyah, Texas",1.6,6.0999,-104.128,31.626
"2025-12-11 22:02:50","46 km SE of Egegik, Alaska",1.7,15.8,-156.822,57.919
"2025-12-11 21:37:50","8 km E of Coushatta, Louisiana",2.7,5,-93.2516,32.0065
"2025-12-11 21:25:30","125 km N of Yakutat, Alaska",2.7,5,-139.801,60.6699
"2025-12-11 21:22:27","18 km ENE of Pāhala, Hawaii",1.83,2.18,-155.318,19.2813
"2025-12-11 21:22:21","13 km E of Pāhala, Hawaii",2.05,28.26,-155.351,19.1893
"2025-12-11 21:02:18","16 km WSW of Johannesburg, CA",1.05,6.63,-117.804,35.3347
"2025-12-11 20:55:50","61 km SE of Pedro Bay, Alaska",1.7,5,-153.419,59.36
"2025-12-11 20:47:33","58 km S of Whites City, New Mexico",1.5,5.7922,-104.428,31.647
"2025-12-11 20:47:30","46 km SE of Boca de Yuma, Dominican Republic",3.41,10.81,-68.3207,18.0655
"2025-12-11 20:47:30","16 km NW of Ferry, Alaska",1.6,5.3,-149.394,64.1
"2025-12-11 20:45:25","3 km SSW of Banning, CA",1.2,12.99,-116.887,33.8963
"2025-12-11 20:23:08","19 km ESE of Anza, CA",1.23,11.75,-116.494,33.4685
"2025-12-11 20:22:08","4 km W of Cobb, CA",0.71,2.06,-122.766,38.8215
"2025-12-11 20:19:01","7 km SE of Yujing, Taiwan",4.6,10,120.513,23.074
"2025-12-11 20:13:11","8 km W of Cobb, CA",0.38,1.75,-122.819,38.8355
"2025-12-11 20:12:08","56 km S of Baubau, Indonesia",4.6,16.564,122.519,-5.9636
"2025-12-11 20:06:15","17 km SSW of Searles Valley, CA",1.03,7.37,-117.468,35.6272
"2025-12-11 20:05:37","13 km WNW of Calipatria, CA",1.22,3.39,-115.651,33.1553
"2025-12-11 20:05:00","69 km NW of Yakutat, Alaska",2.1,5.7,-140.579,59.996
"2025-12-11 20:02:53","93 km N of Yakutat, Alaska",2.7,5,-139.533,60.3836
"2025-12-11 19:58:25","13 km ESE of Pāhala, Hawaii",3.55,29.55,-155.371,19.1395
"2025-12-11 19:51:23","10 km NE of Kalaoa, Hawaii",2.16,25.03,-155.913,19.7957
"2025-12-11 19:38:29","10 km N of Ridgeway, Alaska",1.8,51.1,-151.055,60.621
"2025-12-11 19:26:25","16 km S of Tres Pinos, CA",1.91,5.56,-121.305,36.643
"2025-12-11 19:05:24","4 km NNE of Blue Lake, CA",3.21,22,-123.972,40.9175
"2025-12-11 18:51:17","11 km NW of Pinnacles, CA",1.23,5.1,-121.215,36.6073
"2025-12-11 18:35:28","29 km NNE of Paxson, Alaska",1.9,5,-145.428,63.344
"2025-12-11 18:14:01","20 km SE of King Salmon, Alaska",3.4,211.5,-156.429,58.551
"2025-12-11 18:01:56","23 km SW of Ocotillo Wells, CA",0.78,6.53,-116.295,32.9845
"2025-12-11 17:42:22","43 km NW of Toyah, Texas",1.8,6.4075,-104.153,31.557
"2025-12-11 17:29:27","12 km SSE of Volcano, Hawaii",1.53,6.2,-155.186,19.3402
"2025-12-11 17:29:22","western Xizang",5.1,10,88.7268,32.9675
"2025-12-11 17:22:53","62 km NNW of Karluk, Alaska",2,84.3,-154.829,58.091
"2025-12-11 16:59:39","10 km W of Forsan, Texas",0.9,7.666,-101.479,32.115
"2025-12-11 16:53:21","13 km NNE of Yountville, CA",0.95,7.32,-122.318,38.5128
"2025-12-11 16:45:12","54 km S of Whites City, New Mexico",1.5,6.0999,-104.425,31.686
"2025-12-11 16:31:13","Scotia Sea",4.9,10,-36.3596,-61.1604
"2025-12-11 16:28:55","41 km NW of Toyah, Texas",1.6,7.9456,-104.138,31.549
"2025-12-11 16:16:23","9 km NE of Ocotillo Wells, CA",0.49,7.05,-116.055,33.1972
"2025-12-11 16:15:50","36 km NNW of Toyah, Texas",1.5,7.9071,-103.975,31.607
"2025-12-11 16:07:48","59 km ESE of Pangai, Tonga",4.9,10,-173.862,-20.0917
"2025-12-11 15:59:03","96 km N of Yakutat, Alaska",3.7,5,-139.571,60.4129
"2025-12-11 15:51:25","1 km N of Cane Beds, Arizona",1.27,17.91,-112.894,36.958
"2025-12-11 15:48:59","5 km WNW of Cobb, CA",0.45,1.96,-122.782,38.8372
"2025-12-11 15:38:08","60 km S of Whites City, New Mexico",2.1,6.9458,-104.477,31.636
"2025-12-11 15:36:14","12 km E of Pāhala, Hawaii",1.38,31.65,-155.36,19.2138
"2025-12-11 15:29:38","24 km S of Lopez Point, CA",1.97,0.58,-121.537,35.8085
"2025-12-11 15:29:06","89 km SSE of Perryville, Alaska",3.6,4,-158.799,55.132
"2025-12-11 15:26:40","5 km NE of Anza, CA",0.92,14.28,-116.628,33.5853
"2025-12-11 15:17:51","12 km E of North Logan, Utah",1.01,13.53,-111.651,41.7892
"2025-12-11 15:08:05","3 km SW of Borrego Springs, CA",0.8,3.14,-116.4,33.2383
"2025-12-11 14:58:01","36 km NNW of Toyah, Texas",1.6,7.9071,-103.973,31.606
"2025-12-11 14:55:58","73 km SE of Pedro Bay, Alaska",2.3,88.9,-153.219,59.306
"2025-12-11 14:54:46","4 km S of Espino, Puerto Rico",2.08,23.9,-67.1138,18.2373
"2025-12-11 14:43:10","45 km WNW of Circle, Alaska",2,5,-144.975,65.983
"2025-12-11 14:38:31","2 km SSW of Pāhala, Hawaii",1.74,32.64,-155.488,19.1853
"2025-12-11 14:31:32","64 km SE of Denali National Park, Alaska",1.7,135.1,-150.807,63.139
"2025-12-11 14:08:08","7 km NW of The Geysers, CA",0.77,2.91,-122.812,38.822
"2025-12-11 14:07:10","7 km NW of The Geysers, CA",2.06,3.16,-122.813,38.8205
"2025-12-11 14:06:13","28 km S of Chickaloon, Alaska",1.8,21,-148.373,61.547
"2025-12-11 14:00:31","183 km SW of Pelican, Alaska",3.4,10,-138.511,56.8601
"2025-12-11 13:50:38","52 km NW of Tatitlek, Alaska",1.6,14,-147.476,61.132
"2025-12-11 13:48:13","14 km ENE of Pāhala, Hawaii",1.46,31.35,-155.345,19.2427
"2025-12-11 13:41:57","20 km SW of Ocotillo Wells, CA",0.91,6.25,-116.294,33.0243
"2025-12-11 13:29:52","41 km NNW of Chickaloon, Alaska",1.9,38.8,-148.643,62.158
"2025-12-11 13:29:17","3 km SW of Borrego Springs, CA",2.05,1.93,-116.404,33.2367
"2025-12-11 13:16:48","37 km SE of Valdez, Alaska",1.6,16.4,-145.896,60.877
"2025-12-11 13:15:36","5 km WNW of Cobb, CA",0.54,2.09,-122.782,38.8385
"2025-12-11 13:14:56","20 km SW of Ocotillo Wells, CA",1.51,6.8,-116.296,33.0253
"2025-12-11 13:07:17","105 km N of Yakutat, Alaska",2.7,5,-139.469,60.483
"2025-12-11 13:04:24","11 km ESE of Anza, CA",0.42,14.32,-116.566,33.5178
"2025-12-11 12:50:37","3 km SW of Borrego Springs, CA",0.78,2.33,-116.396,33.2417
"2025-12-11 12:43:14","103 km N of Yakutat, Alaska",3.3,4.29,-139.564,60.4716
"2025-12-11 12:41:39","8 km NW of The Geysers, CA",0.77,1.86,-122.816,38.8277
"2025-12-11 12:38:29","2 km ESE of The Geysers, CA",1.19,1.06,-122.738,38.7703
"2025-12-11 12:37:50","18 km ESE of Sterling, Utah",2.13,6.31,-111.483,39.1422
"2025-12-11 12:36:15","9 km ESE of Sındırgı, Turkey",4.5,10,28.2855,39.2211
"2025-12-11 12:33:07","24 km NNW of Sheridan, Oregon",1.6,20.49,-123.509,45.303
"2025-12-11 12:29:12","6 km NE of Anza, CA",0.56,14.78,-116.623,33.59
"2025-12-11 12:28:26","43 km W of Aleneva, Alaska",2.4,58.5,-153.639,58.106
"2025-12-11 12:27:20","104 km N of Yakutat, Alaska",2.9,4.818,-139.623,60.4858
"2025-12-11 12:22:01","4 km W of Cushing, Oklahoma",0.98,5.28,-96.8163,35.9855
"2025-12-11 12:21:19","5 km NE of Anza, CA",0.92,14.04,-116.626,33.5827
"2025-12-11 12:12:39","6 km NE of Anza, CA",0.73,14.53,-116.624,33.5907
"2025-12-11 12:10:46","6 km NE of Anza, CA",1.02,14.33,-116.629,33.588
"2025-12-11 12:07:26","10 km NNE of Ojai, CA",1.03,3,-119.201,34.5323
"2025-12-11 12:06:29","5 km NE of Anza, CA",0.35,17.21,-116.628,33.5807
"2025-12-11 12:04:04","6 km NE of Anza, CA",0.99,13.7,-116.622,33.5845
"2025-12-11 11:53:04","3 km WSW of Tiptonville, Tennessee",2.28,8.3,-89.5073,36.3712
"2025-12-11 11:38:08","49 km W of Mentone, Texas",2.3,7.2919,-104.118,31.739
"2025-12-11 11:28:29","107 km N of Yakutat, Alaska",3,5,-139.477,60.5035
"2025-12-11 11:25:53","8 km ESE of Susitna North, Alaska",2,17.5,-149.686,62.138
"2025-12-11 11:20:57","15 km SSE of Glacier View, Alaska",1.6,28.7,-147.542,61.68
"2025-12-11 11:11:22","10 km N of Entiat, Washington",1.09,0.15,-120.204,47.7682
"2025-12-11 11:10:46","296 km WSW of Olonkinbyen, Svalbard and Jan Mayen",4.4,10,-16.1205,69.9582
"2025-12-11 10:59:46","8 km WNW of Healdton, Oklahoma",1.32,7.97,-97.5788,34.2595
"2025-12-11 10:50:12","6 km WNW of Cobb, CA",0.96,1.56,-122.786,38.8363
"2025-12-11 10:19:23","8 km NW of The Geysers, CA",0.68,1.67,-122.819,38.8315
"2025-12-11 10:11:42","10 km NW of The Geysers, CA",0.81,1.2,-122.836,38.8373
"2025-12-11 10:08:47","135 km SE of McCarthy, Alaska",1.8,0.6,-141.062,60.614
"2025-12-11 10:05:36","38 km NNW of Toyah, Texas",2.8,8.2147,-103.998,31.612
"2025-12-11 10:03:30","111 km N of Yakutat, Alaska",2.5,5,-139.728,60.5438
"2025-12-11 09:50:32","133 km N of Yakutat, Alaska",2.7,5,-139.97,60.7409
"2025-12-11 09:45:49","13 km W of Forsan, Texas",1,8.2275,-101.508,32.108
"2025-12-11 09:34:56","47 km WNW of Anchor Point, Alaska",2.8,102.1,-152.603,59.957
"2025-12-11 09:32:18","9 km WNW of The Geysers, CA",1.02,2.24,-122.842,38.8218
"2025-12-11 09:31:28","16 km SW of Tatitlek, Alaska",2.4,16.8,-146.91,60.769
"2025-12-11 09:28:24","7 km WNW of Parkfield, CA",2.04,11.29,-120.497,35.9308
"2025-12-11 09:08:20","20 km E of Dilley, Texas",1.5,2.8546,-98.959,28.678
"2025-12-11 09:05:01","93 km N of Yakutat, Alaska",2.7,3.962,-139.416,60.3687
"2025-12-11 09:01:45","56 km S of Whites City, New Mexico",1.6,5.9973,-104.462,31.667
"2025-12-11 08:57:26","8 km N of Santa Barbara, CA",0.82,0.57,-119.708,34.4975
"2025-12-11 08:36:33","6 km SSE of San Juan Bautista, CA",0.66,6.54,-121.522,36.7968
"2025-12-11 08:30:01","55 km S of Whites City, New Mexico",2.4,6.0999,-104.411,31.677
"2025-12-11 08:28:45","37 km NNE of Amboy, Washington",0.5,-1.68,-122.186,46.1957
"2025-12-11 08:14:15","70 km SSE of Cantwell, Alaska",2.3,63.7,-148.271,62.841
"2025-12-11 08:05:01","19 km N of Fishhook, Alaska",2,2.6,-149.267,61.918
"2025-12-11 08:03:56","26 km ENE of Atlantic City, Wyoming",2.5,9.594,-108.461,42.622
"2025-12-11 07:51:24","8 km SE of Big Bear City, CA",0.8,1.46,-116.79,34.2002
"2025-12-11 07:41:51","9 km SW of Idyllwild, CA",0.98,17.8,-116.779,33.6772
"2025-12-11 07:28:24","1 km WSW of Guayanilla, Puerto Rico",2.35,15.89,-66.8073,18.0147
"2025-12-11 07:25:32","16 km SE of Coahoma, Texas",1.1,8.9844,-101.199,32.183
"2025-12-11 07:21:37","12 km SW of Searles Valley, CA",2.36,8.43,-117.519,35.7048
"2025-12-11 07:17:43","12 km NNW of Snyder, Texas",0.6,3.7842,-100.949,32.828
"2025-12-11 07:08:12","111 km N of Yakutat, Alaska",3,5,-139.75,60.5488
"2025-12-11 06:59:19","96 km N of Yakutat, Alaska",2.8,4.431,-139.512,60.4076
"2025-12-11 06:58:27","11 km ENE of Palomar Observatory, CA",0.13,12.59,-116.75,33.3863
"2025-12-11 06:36:11","6 km NNE of San Dimas, CA",1.72,13.87,-117.787,34.1602
"2025-12-11 06:35:58","67 km WSW of Alberto Oviedo Mota, B.C., MX",2.54,-0.05,-115.778,31.9202
"2025-12-11 06:30:12","15 km NE of Milford, Utah",0.57,2.65,-112.906,38.5097
"2025-12-11 06:20:45","9 km WNW of The Geysers, CA",1.64,2.59,-122.841,38.8213
"2025-12-11 06:05:34","51 km W of Petrolia, CA",3.56,13.25,-124.881,40.361
"2025-12-11 05:48:40","63 km W of Salamatof, Alaska",0.7,10.2,-152.484,60.598
"2025-12-11 05:46:31","7 km NW of The Geysers, CA",1.44,2.47,-122.807,38.8238
"2025-12-11 05:42:00","96 km N of Yakutat, Alaska",2.9,5,-139.454,60.405
"2025-12-11 05:39:25","5 km SE of San Ramon, CA",1.93,7.06,-121.934,37.7503
"2025-12-11 05:38:33","7 km SSE of Porterville, CA",0.98,3.82,-118.974,36.0127
"2025-12-11 05:29:31","42 km ENE of Pedro Bay, Alaska",2.4,152.7,-153.397,59.917
"2025-12-11 05:28:57","5 km SE of San Ramon, CA",1.82,1.17,-121.932,37.7507
"2025-12-11 05:22:42","52 km N of Petersville, Alaska",2.5,104,-150.765,62.965
"2025-12-11 05:20:29","101 km SE of McCarthy, Alaska",1.5,13.6,-141.622,60.771
"2025-12-11 05:20:11","104 km N of Yakutat, Alaska",2.5,5,-139.67,60.4888
"2025-12-11 05:06:29","14 km S of Joshua Tree, CA",0.91,9.05,-116.321,34.0065
"2025-12-11 04:45:07","214 km SSE of Alo, Wallis and Futuna",4.4,421.238,-177.136,-16.0053
"2025-12-11 04:43:47","44 km NE of Chase, Alaska",1.4,0.6,-149.552,62.758
"2025-12-11 04:27:31","10 km W of Deer Island, Oregon",1.13,25.78,-122.984,45.9188
"2025-12-11 04:27:10","2 km N of The Geysers, CA",0.84,3.44,-122.758,38.7943
"2025-12-11 04:25:30","8 km NW of The Geysers, CA",0.79,1.87,-122.819,38.8315
"2025-12-11 04:24:02","13 km NW of The Geysers, CA",1.19,2.2,-122.877,38.8422
"2025-12-11 04:22:23","72 km WNW of Ninilchik, Alaska",1.6,122,-152.848,60.34
"2025-12-11 04:17:35","7 km NW of The Geysers, CA",0.77,3.03,-122.816,38.817
"2025-12-11 04:14:32","4 km SE of San Ramon, CA",2.16,7.39,-121.943,37.7593
"2025-12-11 04:10:58","108 km S of McCarthy, Alaska",1.5,20.1,-142.979,60.456
"2025-12-11 04:05:55","12 km W of Forsan, Texas",0.7,5.5908,-101.5,32.125
"2025-12-11 04:04:06","3 km ENE of The Geysers, CA",1.67,-0.48,-122.724,38.7835
"2025-12-11 04:02:18","8 km NW of The Geysers, CA",0.68,1.67,-122.813,38.8315
"2025-12-11 03:56:27","61 km ESE of Pedro Bay, Alaska",1.9,105.1,-153.053,59.648
"2025-12-11 03:47:28","80 km N of San Juan, Puerto Rico",2.8,26.61,-65.9687,19.1805
"2025-12-11 03:47:12","148 km NNE of Ambler, Alaska",4.2,0.5,-156.462,68.308
"2025-12-11 03:36:40","36 km NNW of Toyah, Texas",1.5,7.8558,-103.972,31.606
"2025-12-11 03:28:38","6 km W of Cobb, CA",1.04,1.39,-122.791,38.8263
"2025-12-11 03:25:08","18 km NNW of Panguitch, Utah",2.56,8.8,-112.53,37.9718
"2025-12-11 03:23:15","5 km ESE of Pinnacles, CA",1.27,7.78,-121.093,36.512
"2025-12-11 03:14:18","8 km NW of The Geysers, CA",0.21,2.22,-122.816,38.8322
"2025-12-11 03:10:55","17 km NW of Parkfield, CA",1.27,3.94,-120.57,36.0077
"2025-12-11 03:09:49","98 km WSW of Kivalina, Alaska",2.7,15.272,-166.736,67.4607
"2025-12-11 02:45:38","100 km N of Yakutat, Alaska",2.8,5,-139.479,60.4401
"2025-12-11 02:42:22","110 km N of Yakutat, Alaska",2.9,5,-139.864,60.54
"2025-12-11 02:35:57","1 km ESE of The Geysers, CA",0.75,0.85,-122.742,38.7738
"2025-12-11 02:33:55","3 km S of Cobb, CA",0.78,3.35,-122.723,38.794
"2025-12-11 02:31:22","69 km ESE of Cantwell, Alaska",1.5,4.9,-147.648,63.175
"2025-12-11 02:18:24","8 km NW of The Geysers, CA",0.76,2,-122.817,38.829
"2025-12-11 02:14:35","1 km WNW of Indios, Puerto Rico",2.15,18.11,-66.831,17.9992
"2025-12-11 01:55:14","8 km WNW of Cobb, CA",0.49,1.43,-122.817,38.8383
"2025-12-11 01:37:00","18 km SW of Qingnian, China",4.5,10,115.585,36.7033
"2025-12-11 01:32:05","7 km WSW of Pala, CA",1.03,-0.44,-117.142,33.335
"2025-12-11 01:31:30","4 km SSW of Pāhala, Hawaii",1.84,33.33,-155.499,19.1642
"2025-12-11 01:27:29","7 km SSW of Mojave, CA",1.8,-0.91,-118.191,34.9895
"2025-12-11 01:16:30","1 km SSE of Kapowsin, Washington",1.33,-0.36,-122.219,46.976
"2025-12-11 01:07:05","23 km WNW of Inyokern, CA",0.73,3.78,-118.038,35.7425
"2025-12-11 01:04:18","5 km NNW of Lakeside, CA",1.06,5.73,-116.948,32.8997
"2025-12-11 00:47:44","30 km ENE of Manley Hot Springs, Alaska",1.8,14,-150.056,65.13
"2025-12-11 00:45:20","16 km WSW of Wrightwood, CA",0.86,9.07,-117.783,34.2825
"2025-12-11 00:40:10","10 km ENE of Hidden Valley Lake, CA",2.16,6.98,-122.452,38.833
"2025-12-11 00:12:31","13 km NW of Ocotillo, CA",1.22,9.18,-116.11,32.804
"2025-12-10 23:58:35","7 km NW of The Geysers, CA",0.44,0.99,-122.82,38.8165
"2025-12-10 23:56:47","8 km NW of The Geysers, CA",0.65,2.4,-122.815,38.8317
"2025-12-10 23:56:06","4 km NNE of Heber, CA",1.89,13.99,-115.52,32.7645
"2025-12-10 23:56:05","31 km E of Minto, Alaska",0.9,5,-148.669,65.154
"2025-12-10 23:44:19","6 km NE of La Parguera, Puerto Rico",1.99,10.53,-66.9967,18.0073
"2025-12-10 23:22:24","119 km N of Yakutat, Alaska",3,5,-139.946,60.6118
"2025-12-10 23:12:02","117 km N of Yakutat, Alaska",2.5,5.278,-140.058,60.5876
"2025-12-10 23:06:45","1 km N of The Geysers, CA",1.09,1.68,-122.756,38.7852
"2025-12-10 22:46:24","64 km NW of Rampart, Alaska",1.7,8.6,-151.017,65.97
"2025-12-10 22:33:46","22 km NW of Grapevine, CA",1.89,9.77,-119.127,35.0543
"2025-12-10 22:21:32","16 km W of Searles Valley, CA",0.8,7.52,-117.582,35.7677
"2025-12-10 22:20:05","2 km W of Loma Linda, CA",1.02,15.83,-117.284,34.049
"2025-12-10 22:19:34","18 km SW of Skykomish, Washington",1.37,12.78,-121.503,47.5735
"2025-12-10 22:12:16","10 km NW of The Geysers, CA",1.04,1.77,-122.841,38.8425
"2025-12-10 21:58:36","5 km NNE of El Segundo, CA",1.45,13.27,-118.402,33.9595
"2025-12-10 21:55:39","74 km N of San Juan, Puerto Rico",3.05,37.01,-65.9935,19.1285
"2025-12-10 21:50:56","46 km N of San Juan, Puerto Rico",3,6.96,-66.0908,18.8835
"2025-12-10 21:36:05","107 km N of Yakutat, Alaska",2.5,5,-139.707,60.5156
"2025-12-10 21:19:02","37 km SW of Illapel, Chile",4.4,44.598,-71.4906,-31.828
"2025-12-10 21:06:50","64 km W of Anchor Point, Alaska",2.6,106.8,-152.96,59.888
"2025-12-10 21:02:29","7 km NW of The Geysers, CA",1.27,2.2,-122.804,38.825
"2025-12-10 20:56:34","86 km WNW of Yakutat, Alaska",1.8,5,-141.048,59.95
"2025-12-10 20:51:30","98 km N of Yakutat, Alaska",3.3,5,-139.607,60.4312
"2025-12-10 20:32:25","6 km WNW of The Geysers, CA",0.44,3.83,-122.815,38.7993
"2025-12-10 20:29:54","15 km E of Coso Junction, CA",0.83,1.77,-117.777,36.0363
"2025-12-10 20:29:26","16 km E of Coso Junction, CA",0.04,2.16,-117.773,36.0332
"2025-12-10 20:26:44","15 km E of Coso Junction, CA",1.08,1.55,-117.778,36.035
"2025-12-10 20:26:09","15 km E of Coso Junction, CA",1.25,1.54,-117.776,36.0363
"2025-12-10 20:24:46","16 km WSW of Denali Park, Alaska",1.4,5,-149.228,63.691
"2025-12-10 20:22:24","108 km NE of Kuji, Japan",5.7,36.089,142.712,40.8471
"2025-12-10 20:00:54","77 km ENE of Tonopah, Nevada",1.83,1.8288,-116.493,38.4567
"2025-12-10 19:55:03","16 km NW of Midland, Texas",0.8,5.9326,-102.179,32.118
"2025-12-10 19:53:00","24 km ENE of San Lucas, CA",1.42,1.46,-120.775,36.2065
"2025-12-10 19:52:39","15 km E of Coso Junction, CA",0.87,1.53,-117.777,36.0357
"2025-12-10 19:50:16","15 km E of Coso Junction, CA",0.69,1.78,-117.776,36.0377
"2025-12-10 19:49:47","18 km E of Little Lake, CA",0.03,4.8,-117.708,35.9098
"2025-12-10 19:47:37","15 km E of Coso Junction, CA",1.22,2.16,-117.777,36.0343
"2025-12-10 19:46:41","15 km E of Coso Junction, CA",2.49,1.35,-117.776,36.0375
"2025-12-10 19:24:13","14 km NE of Milford, Utah",0.79,2.71,-112.912,38.5075
"2025-12-10 19:22:41","36 km NW of Toyah, Texas",1.9,8.7659,-104.023,31.575
"2025-12-10 19:16:18","9 km NW of The Geysers, CA",0.65,2.1,-122.846,38.8242
"2025-12-10 19:06:03","42 km NNW of Chenega, Alaska",2.5,1.1,-148.266,60.43
"2025-12-10 19:04:16","13 km W of Ludlow, CA",1.25,4.02,-116.303,34.7062
"2025-12-10 19:01:30","5 km WNW of Cobb, CA",0.7,1.75,-122.78,38.8362
"2025-12-10 19:00:17","69 km W of Panguna, Papua New Guinea",5.3,107.147,154.864,-6.3921
"2025-12-10 18:22:13","5 km WNW of Cobb, CA",1.33,1.81,-122.781,38.8363
"2025-12-10 18:14:13","25 km NW of Ludlow, CA",2.34,2.82,-116.351,34.8803
"2025-12-10 18:12:26","37 km W of Port Lions, Alaska",2.4,5,-153.519,57.868
"2025-12-10 18:09:06","117 km N of Yakutat, Alaska",3.2,0.756,-140.017,60.5952
"2025-12-10 18:01:10","2 km W of Happy Valley, Alaska",2,57.2,-151.784,59.947
"2025-12-10 17:55:25","8 km NW of The Geysers, CA",0.7,2.41,-122.814,38.8315
"2025-12-10 17:47:10","104 km N of Yakutat, Alaska",2.6,8.667,-139.551,60.4773
"2025-12-10 17:44:20","6 km E of Fremont, CA",1.74,8.56,-121.918,37.5398
"2025-12-10 17:42:09","12 km NW of The Geysers, CA",1.32,2.39,-122.876,38.8398
"2025-12-10 17:41:59","12 km WNW of The Geysers, CA",2.02,2.35,-122.874,38.838
"2025-12-10 17:40:15","38 km SE of Denali National Park, Alaska",1.5,0,-151.158,63.309
"2025-12-10 17:33:12","14 km NNW of Midland, Texas",1.4,6.665,-102.16,32.107
"2025-12-10 17:31:20","15 km NNW of Midland, Texas",0.8,6.0059,-102.165,32.111
"2025-12-10 17:17:07","16 km SW of Laupāhoehoe, Hawaii",1.74,29.07,-155.329,19.865
"2025-12-10 17:12:59","44 km WSW of Tatitlek, Alaska",1.7,14.3,-147.427,60.715
"2025-12-10 17:11:39","122 km ESE of Cordova, Alaska",1.4,5,-143.574,60.339
"2025-12-10 16:58:33","116 km N of Yakutat, Alaska",4.7,4.335,-139.967,60.5817
"2025-12-10 16:40:23","8 km NW of The Geysers, CA",0.74,2.16,-122.813,38.8302
"2025-12-10 16:39:17","6 km SSW of Redlands, CA",1.35,5.51,-117.199,34.0055
"2025-12-10 16:36:41","93 km NW of Yakutat, Alaska",1.9,9.6,-140.881,60.153
"2025-12-10 16:28:42","119 km N of Yakutat, Alaska",4,3.814,-139.995,60.6137
"2025-12-10 16:25:15","135 km E of Yamada, Japan",4.7,30.412,143.525,39.3908
"2025-12-10 16:21:03","24 km NW of Susitna, Alaska",1.7,66.4,-150.887,61.677
"2025-12-10 16:19:51","116 km SE of McCarthy, Alaska",1.3,9.2,-141.53,60.634
"2025-12-10 16:18:08","23 km ESE of Anza, CA",0.47,14.46,-116.443,33.4903
"2025-12-10 16:04:02","6 km W of Cobb, CA",0.69,2,-122.795,38.827
"2025-12-10 16:02:52","1 km ENE of The Geysers, CA",1.07,0.8,-122.744,38.78
"2025-12-10 16:00:18","11 km WNW of Cobb, CA",1.25,9.88,-122.839,38.8547
"2025-12-10 15:48:25","92 km N of Yakutat, Alaska",2.1,17.3,-139.412,60.358
"2025-12-10 15:45:07","7 km S of Pāhala, Hawaii",1.75,39.84,-155.478,19.1377
"2025-12-10 15:41:54","64 km ESE of Denali National Park, Alaska",1.6,129.2,-150.559,63.288
"2025-12-10 15:40:46","59 km SSE of McCarthy, Alaska",1.2,10.8,-142.526,60.936
"2025-12-10 15:39:45","17 km SSW of Maricopa, CA",0.76,10.83,-119.47,34.9193
"2025-12-10 15:35:51","2 km NNW of The Geysers, CA",1.04,0.53,-122.762,38.7912
"2025-12-10 15:20:17","110 km N of Yakutat, Alaska",4.3,5,-139.956,60.5329
"2025-12-10 15:14:55","110 km N of Yakutat, Alaska",3.7,3.819,-139.792,60.537
"2025-12-10 15:13:33","6 km WNW of Cobb, CA",0.7,2.36,-122.794,38.8352
"2025-12-10 15:05:36","32 km E of Shwebo, Burma (Myanmar)",4.7,10,96.0144,22.5428
"2025-12-10 14:59:10","5 km SW of Magna, Utah",0.56,9.35,-112.155,40.6787
"2025-12-10 14:55:30","279 km SW of Severo-Kuril’sk, Russia",4.3,154.211,153.768,48.6769
"2025-12-10 14:48:24","4 km NNE of Tampico, Washington",0.72,8.06,-120.854,46.5748
"2025-12-10 14:48:11","20 km ESE of Anza, CA",0.91,12,-116.475,33.4862
"2025-12-10 14:47:44","99 km N of Yakutat, Alaska",2.7,5,-139.533,60.4374
"2025-12-10 14:41:51","4 km NNW of Big Lake, Alaska",3.1,47.7,-149.987,61.555
"2025-12-10 14:34:08","9 km NE of Coso Junction, CA",0.86,3.62,-117.881,36.1082
"2025-12-10 14:29:55","7 km W of Cobb, CA",1.06,2.17,-122.799,38.828
"2025-12-10 14:26:01","5 km SSW of Indios, Puerto Rico",2.21,15.83,-66.8422,17.9497
"2025-12-10 14:20:25","7 km NE of Hamilton, Canada",1.5,7.259,-79.7806,43.2957
"2025-12-10 14:20:23","8 km NW of The Geysers, CA",0.85,1.72,-122.817,38.8318
"2025-12-10 14:15:54","51 km NW of Toyah, Texas",1.8,1.9086,-104.196,31.628
"2025-12-10 14:12:45","5 km N of Dublin, CA",1.52,1.76,-121.936,37.7473
"2025-12-10 13:57:07","11 km NNE of Jordán, Colombia",5.5,140.692,-73.0581,6.8277
"2025-12-10 13:51:06","30 km WNW of Salamatof, Alaska",1.6,71.2,-151.866,60.674
"2025-12-10 13:42:58","142 km ENE of Red Dog Mine, Alaska",2.5,5,-159.619,68.453
"2025-12-10 13:40:24","79 km NW of Kimbe, Papua New Guinea",4.4,392.29,149.611,-5.0585
"2025-12-10 13:20:20","7 km WSW of Fort Greely, Alaska",2.3,3.6,-145.707,63.905
"2025-12-10 13:12:55","111 km WSW of Banda Aceh, Indonesia",4.9,10,94.3584,5.3043
"2025-12-10 13:08:57","75 km WNW of Ninilchik, Alaska",1.8,5,-152.852,60.392
"2025-12-10 13:04:50","8 km WNW of Cobb, CA",0.77,2.07,-122.812,38.8428
"2025-12-10 13:00:42","4 km SSW of Pāhala, Hawaii",1.51,33.05,-155.488,19.1643
"2025-12-10 12:42:48","6 km S of Herriman, Utah",0.53,12.29,-112.034,40.4532
"2025-12-10 12:36:39","4 km NW of Redwood Valley, CA",1.5,3.39,-123.238,39.2945
"2025-12-10 12:35:08","9 km ESE of Dry Creek, Alaska",1.6,5,-144.484,63.628
"2025-12-10 12:34:30","10 km NNE of Brooktrails, CA",2.27,8.14,-123.328,39.5228
"2025-12-10 12:27:45","81 km S of Kokhanok, Alaska",1.6,122.6,-154.652,58.712
"2025-12-10 12:14:00","4 km NW of Redwood Valley, CA",1.68,3.41,-123.239,39.2953
"2025-12-10 12:12:57","5 km WNW of The Geysers, CA",1.07,3.11,-122.811,38.7938
"2025-12-10 12:11:43","51 km S of Whites City, New Mexico",1.5,2.2034,-104.482,31.72
"2025-12-10 12:10:53","16 km NE of Little Lake, CA",0.04,1.86,-117.773,36.0242
"2025-12-10 12:09:05","47 km SSE of Nelchina, Alaska",1.8,28.1,-146.384,61.61
"2025-12-10 12:09:02","18 km S of Guánica, Puerto Rico",2.34,14.49,-66.9423,17.8043
"2025-12-10 12:08:27","65 km WSW of Vallenar, Chile",5.2,42.911,-71.3475,-28.8659
"2025-12-10 12:04:05","4 km NW of Redwood Valley, CA",1.29,3.21,-123.239,39.2943
"2025-12-10 12:01:01","113 km N of Yakutat, Alaska",3.3,5,-139.764,60.564
"2025-12-10 11:53:50","113 km ENE of Misawa, Japan",4.5,56.764,142.635,41.0683
"2025-12-10 11:51:55","58 km S of Whites City, New Mexico",1.8,3.9465,-104.293,31.649
"2025-12-10 11:49:29","1 km NE of Willow, Alaska",2.9,16.4,-150.019,61.754
"2025-12-10 11:29:19","1 km WNW of Banning, CA",0.41,8.9,-116.887,33.9282
"2025-12-10 11:07:53","69 km NNE of Isabela, Puerto Rico",3.32,25.49,-66.8795,19.1157
"2025-12-10 11:04:40","9 km SSE of Desert Aire, Washington",0.55,7.14,-119.848,46.6035
"2025-12-10 11:00:27","38 km ENE of McKinney Acres, Texas",0.5,7.6416,-102.145,32.427
"2025-12-10 10:58:34","3 km NNW of Pinnacles, CA",2.21,8.89,-121.151,36.5595
"2025-12-10 10:56:26","6 km NNW of Big Bear City, CA",0.99,7.24,-116.86,34.3132
"2025-12-10 10:49:52","35 km E of Skwentna, Alaska",2.4,64.9,-150.729,62.038
"2025-12-10 10:48:49","Volcano Islands, Japan region",4.9,39.66,143.584,23.2312
"2025-12-10 10:40:41","2 km S of Indios, Puerto Rico",3.02,11.58,-66.8203,17.9705
"2025-12-10 09:55:42","12 km N of Lee Vining, CA",1.96,2.29,-119.143,38.0623
"2025-12-10 09:44:51","3 km W of Cobb, CA",0.22,2.18,-122.763,38.8228
"2025-12-10 09:39:31","3 km S of Salcha, Alaska",1.3,7.1,-146.916,64.492
"2025-12-10 09:32:49","94 km N of Yakutat, Alaska",2.6,5,-139.479,60.3867
"2025-12-10 09:04:01","54 km WNW of Clam Gulch, Alaska",2.5,95.2,-152.301,60.433
"2025-12-10 08:57:02","115 km N of Yakutat, Alaska",3.1,5,-139.893,60.5805
"2025-12-10 08:53:26","8 km ESE of Valle Vista, CA",0.67,15.55,-116.817,33.7083
"2025-12-10 08:52:09","116 km N of Yakutat, Alaska",2.5,5,-139.691,60.5935
"2025-12-10 08:48:44","5 km ESE of Ocotillo Wells, CA",0.64,11.48,-116.078,33.1312
"2025-12-10 08:39:16","13 km NE of Kettleman City, CA",2.61,17.01,-119.85,36.0768
"2025-12-10 08:38:46","5 km ESE of La Parguera, Puerto Rico",2.3,6.5,-66.9993,17.9582
"2025-12-10 07:45:38","28 km W of Four Mile Road, Alaska",1.3,5,-149.711,64.567
"2025-12-10 07:43:29","4 km N of Rancho Cucamonga, CA",1.03,9.58,-117.579,34.1558
"2025-12-10 07:42:52","6 km WNW of Cobb, CA",0.76,2.3,-122.785,38.8357
"2025-12-10 07:36:01","10 km SE of Winchester, CA",1.1,12.95,-117.015,33.6438
"2025-12-10 07:30:32","20 km N of Fishhook, Alaska",1.8,0.9,-149.246,61.93
"2025-12-10 07:29:38","6 km S of Gilroy, CA",1.64,5.52,-121.564,36.9487
"2025-12-10 07:28:30","117 km N of Yakutat, Alaska",2.5,5,-139.964,60.5972
"2025-12-10 07:21:44","20 km SW of Ocotillo Wells, CA",1.74,7.16,-116.296,33.0233
"2025-12-10 07:20:52","95 km N of Yakutat, Alaska",2.6,5,-139.492,60.3965
"2025-12-10 07:17:41","19 km SW of Ocotillo Wells, CA",0.5,9.64,-116.276,33.0215
"2025-12-10 07:17:33","15 km N of Borrego Springs, CA",0.31,4,-116.373,33.3925
"2025-12-10 07:11:55","20 km SW of Ocotillo Wells, CA",0.96,6.66,-116.296,33.0297
"2025-12-10 07:10:34","9 km ESE of Loco, Oklahoma",1.4,9.68,-97.5843,34.295
"2025-12-10 07:09:25","20 km SW of Ocotillo Wells, CA",1.36,7.29,-116.294,33.0243
"2025-12-10 07:06:57","6 km NNW of The Geysers, CA",1.09,2.68,-122.797,38.8253
"2025-12-10 07:04:03","86 km NNW of Karluk, Alaska",0.7,5,-155.094,58.266
"2025-12-10 06:57:25","20 km SW of Ocotillo Wells, CA",1.89,6.69,-116.298,33.0257
"2025-12-10 06:41:21","9 km N of Santa Paula, CA",1.62,8.72,-119.055,34.4357
"2025-12-10 06:39:29","113 km N of Yakutat, Alaska",2.6,5,-139.918,60.5608
"2025-12-10 06:14:29","2 km N of The Geysers, CA",0.76,0.47,-122.757,38.7938
"2025-12-10 06:12:52","5 km NW of Boron, CA",1.28,-0.7,-117.686,35.0352
"2025-12-10 05:53:35","109 km N of Yakutat, Alaska",2.7,5.737,-139.877,60.5299
"2025-12-10 05:50:01","16 km SSE of Anza, CA",0.3,6.9,-116.62,33.4227
"2025-12-10 05:47:52","31 km WSW of Ackerly, Texas",0.6,8.9111,-102.001,32.385
"2025-12-10 05:45:26","17 km ENE of Vinchina, Argentina",4.2,95.91,-68.0439,-28.6954
"2025-12-10 05:44:16","8 km NW of The Geysers, CA",1.27,1.86,-122.821,38.828
"2025-12-10 05:38:09","2 km ENE of The Geysers, CA",0.96,0.39,-122.74,38.7825
